environment,frozen_registry_sha256,feature,gain_mean,gain_sd,n_folds
clean,f18c06f33f3f7f4037c074c58543ed7ff96342108bb4d39838262b626974df62,human_absolute:original_style_00,0.0018883037536623268,0.0007521891392616889,60
clean,f18c06f33f3f7f4037c074c58543ed7ff96342108bb4d39838262b626974df62,human_absolute:original_style_01,0.0019202727035969524,0.0007474523913171989,60
clean,f18c06f33f3f7f4037c074c58543ed7ff96342108bb4d39838262b626974df62,human_absolute:original_style_02,0.0016080809531525927,0.0017587388486104804,60
clean,f18c06f33f3f7f4037c074c58543ed7ff96342108bb4d39838262b626974df62,human_absolute:original_style_03,0.0020422784069213423,0.001815399810557892,60
clean,f18c06f33f3f7f4037c074c58543ed7ff96342108bb4d39838262b626974df62,human_absolute:original_style_04,0.0018734865496398102,0.0006956505464065983,60
clean,f18c06f33f3f7f4037c074c58543ed7ff96342108bb4d39838262b626974df62,human_absolute:original_style_05,0.0023358731905043007,0.0014611710602332028,60
clean,f18c06f33f3f7f4037c074c58543ed7ff96342108bb4d39838262b626974df62,human_absolute:original_style_06,0.00203047511983668,0.000574693033253914,60
clean,f18c06f33f3f7f4037c074c58543ed7ff96342108bb4d39838262b626974df62,human_absolute:original_style_07,0.0018122858648587825,0.0005316316719599642,60
clean,f18c06f33f3f7f4037c074c58543ed7ff96342108bb4d39838262b626974df62,human_absolute:original_style_08,0.0021490646457109175,0.0007556567026186096,60
clean,f18c06f33f3f7f4037c074c58543ed7ff96342108bb4d39838262b626974df62,human_absolute:original_style_09,0.0019430065677915485,0.0005419757041039592,60
clean,f18c06f33f3f7f4037c074c58543ed7ff96342108bb4d39838262b626974df62,human_absolute:lexical_00,0.0029561652604140768,0.0007415624641443814,60
clean,f18c06f33f3f7f4037c074c58543ed7ff96342108bb4d39838262b626974df62,human_absolute:lexical_01,0.002674108393929454,0.0008996038238460639,60
clean,f18c06f33f3f7f4037c074c58543ed7ff96342108bb4d39838262b626974df62,human_absolute:lexical_02,0.002581265202629704,0.0008823786898166756,60
clean,f18c06f33f3f7f4037c074c58543ed7ff96342108bb4d39838262b626974df62,human_absolute:lexical_03,0.0022404852921650794,0.0008647103171076052,60
clean,f18c06f33f3f7f4037c074c58543ed7ff96342108bb4d39838262b626974df62,human_absolute:lexical_04,0.00222251887377284,0.0006964674620763472,60
clean,f18c06f33f3f7f4037c074c58543ed7ff96342108bb4d39838262b626974df62,human_absolute:lexical_05,0.0027850554637633006,0.0010693805657777142,60
clean,f18c06f33f3f7f4037c074c58543ed7ff96342108bb4d39838262b626974df62,human_absolute:structural_syntax_00,0.001909349295688126,0.0005943042762808769,60
clean,f18c06f33f3f7f4037c074c58543ed7ff96342108bb4d39838262b626974df62,human_absolute:structural_syntax_01,0.001661187400227267,0.0005797599335226394,60
clean,f18c06f33f3f7f4037c074c58543ed7ff96342108bb4d39838262b626974df62,human_absolute:structural_syntax_02,0.0024782895933876067,0.0014790383875575171,60
clean,f18c06f33f3f7f4037c074c58543ed7ff96342108bb4d39838262b626974df62,human_absolute:structural_syntax_03,0.0030865273728913484,0.0018051101843315307,60
clean,f18c06f33f3f7f4037c074c58543ed7ff96342108bb4d39838262b626974df62,human_absolute:structural_syntax_04,0.00198132020425247,0.0005775947204965337,60
clean,f18c06f33f3f7f4037c074c58543ed7ff96342108bb4d39838262b626974df62,human_absolute:structural_syntax_05,0.001864589529498836,0.0007794911796345104,60
clean,f18c06f33f3f7f4037c074c58543ed7ff96342108bb4d39838262b626974df62,human_absolute:structural_syntax_06,0.0021821420916186564,0.0007429426466381219,60
clean,f18c06f33f3f7f4037c074c58543ed7ff96342108bb4d39838262b626974df62,human_absolute:structural_syntax_07,0.0006586275026412204,0.0008680703126995267,60
clean,f18c06f33f3f7f4037c074c58543ed7ff96342108bb4d39838262b626974df62,human_absolute:formatting_layout_00,0.0017374109438164757,0.0005471796084276236,60
clean,f18c06f33f3f7f4037c074c58543ed7ff96342108bb4d39838262b626974df62,human_absolute:formatting_layout_01,0.00218956705121573,0.0007896805215669501,60
clean,f18c06f33f3f7f4037c074c58543ed7ff96342108bb4d39838262b626974df62,human_absolute:formatting_layout_02,0.0020225575522896866,0.0006046622278358728,60
clean,f18c06f33f3f7f4037c074c58543ed7ff96342108bb4d39838262b626974df62,human_absolute:formatting_layout_03,0.0020563221131080648,0.00074114203097455,60
clean,f18c06f33f3f7f4037c074c58543ed7ff96342108bb4d39838262b626974df62,candidate_absolute:original_style_00,0.002102133312195982,0.0010309114707776708,60
clean,f18c06f33f3f7f4037c074c58543ed7ff96342108bb4d39838262b626974df62,candidate_absolute:original_style_01,0.0016751980398217769,0.0005979198924534589,60
clean,f18c06f33f3f7f4037c074c58543ed7ff96342108bb4d39838262b626974df62,candidate_absolute:original_style_02,0.0017627426497777863,0.0015737883851426764,60
clean,f18c06f33f3f7f4037c074c58543ed7ff96342108bb4d39838262b626974df62,candidate_absolute:original_style_03,0.0021339199710208295,0.00166205700398739,60
clean,f18c06f33f3f7f4037c074c58543ed7ff96342108bb4d39838262b626974df62,candidate_absolute:original_style_04,0.0018516831176034027,0.0009806547627761472,60
clean,f18c06f33f3f7f4037c074c58543ed7ff96342108bb4d39838262b626974df62,candidate_absolute:original_style_05,0.0023047465822287378,0.001108731390737334,60
clean,f18c06f33f3f7f4037c074c58543ed7ff96342108bb4d39838262b626974df62,candidate_absolute:original_style_06,0.0026738012782006075,0.000912505725791849,60
clean,f18c06f33f3f7f4037c074c58543ed7ff96342108bb4d39838262b626974df62,candidate_absolute:original_style_07,0.002407382643967247,0.0007618303105832359,60
clean,f18c06f33f3f7f4037c074c58543ed7ff96342108bb4d39838262b626974df62,candidate_absolute:original_style_08,0.002732942721533033,0.0013232459178381427,60
clean,f18c06f33f3f7f4037c074c58543ed7ff96342108bb4d39838262b626974df62,candidate_absolute:original_style_09,0.002367751666333942,0.0008820891611380312,60
clean,f18c06f33f3f7f4037c074c58543ed7ff96342108bb4d39838262b626974df62,candidate_absolute:lexical_00,0.003540329266895737,0.0007549787838500724,60
clean,f18c06f33f3f7f4037c074c58543ed7ff96342108bb4d39838262b626974df62,candidate_absolute:lexical_01,0.003181179674200412,0.0010055866230269778,60
clean,f18c06f33f3f7f4037c074c58543ed7ff96342108bb4d39838262b626974df62,candidate_absolute:lexical_02,0.003067187574206907,0.0010081061003170027,60
clean,f18c06f33f3f7f4037c074c58543ed7ff96342108bb4d39838262b626974df62,candidate_absolute:lexical_03,0.002272367187723427,0.0009536431782223365,60
clean,f18c06f33f3f7f4037c074c58543ed7ff96342108bb4d39838262b626974df62,candidate_absolute:lexical_04,0.002266099739978776,0.0006435354848236652,60
clean,f18c06f33f3f7f4037c074c58543ed7ff96342108bb4d39838262b626974df62,candidate_absolute:lexical_05,0.002935612940369219,0.0010767204236240863,60
clean,f18c06f33f3f7f4037c074c58543ed7ff96342108bb4d39838262b626974df62,candidate_absolute:structural_syntax_00,0.0032978487747751307,0.0013447985728977042,60
clean,f18c06f33f3f7f4037c074c58543ed7ff96342108bb4d39838262b626974df62,candidate_absolute:structural_syntax_01,0.0016398175329243462,0.0005901679034529273,60
clean,f18c06f33f3f7f4037c074c58543ed7ff96342108bb4d39838262b626974df62,candidate_absolute:structural_syntax_02,0.0024261861325745055,0.001511348288437585,60
clean,f18c06f33f3f7f4037c074c58543ed7ff96342108bb4d39838262b626974df62,candidate_absolute:structural_syntax_03,0.010167021088590932,0.005668913612699345,60
clean,f18c06f33f3f7f4037c074c58543ed7ff96342108bb4d39838262b626974df62,candidate_absolute:structural_syntax_04,0.002537057514198144,0.0014194584610753428,60
clean,f18c06f33f3f7f4037c074c58543ed7ff96342108bb4d39838262b626974df62,candidate_absolute:structural_syntax_05,0.0024810787442363716,0.001486345460184019,60
clean,f18c06f33f3f7f4037c074c58543ed7ff96342108bb4d39838262b626974df62,candidate_absolute:structural_syntax_06,0.0022817191641534428,0.0007817380624763986,60
clean,f18c06f33f3f7f4037c074c58543ed7ff96342108bb4d39838262b626974df62,candidate_absolute:structural_syntax_07,0.001306267585759921,0.0015728511657099823,60
clean,f18c06f33f3f7f4037c074c58543ed7ff96342108bb4d39838262b626974df62,candidate_absolute:formatting_layout_00,0.0016891884814106877,0.0006271875685538013,60
clean,f18c06f33f3f7f4037c074c58543ed7ff96342108bb4d39838262b626974df62,candidate_absolute:formatting_layout_01,0.0018316439076737883,0.000519589399672602,60
clean,f18c06f33f3f7f4037c074c58543ed7ff96342108bb4d39838262b626974df62,candidate_absolute:formatting_layout_02,0.0017636844147975747,0.0003491022496941624,60
clean,f18c06f33f3f7f4037c074c58543ed7ff96342108bb4d39838262b626974df62,candidate_absolute:formatting_layout_03,0.002109256311097005,0.0008372084816805547,60
clean,f18c06f33f3f7f4037c074c58543ed7ff96342108bb4d39838262b626974df62,delta:original_style_00,0.007389772448454588,0.007269049562245075,60
clean,f18c06f33f3f7f4037c074c58543ed7ff96342108bb4d39838262b626974df62,delta:original_style_01,0.00619934024466462,0.0030871903751986717,60
clean,f18c06f33f3f7f4037c074c58543ed7ff96342108bb4d39838262b626974df62,delta:original_style_02,0.005543958365229524,0.004466150812327978,60
clean,f18c06f33f3f7f4037c074c58543ed7ff96342108bb4d39838262b626974df62,delta:original_style_03,0.003907131322933353,0.0024738605123737828,60
clean,f18c06f33f3f7f4037c074c58543ed7ff96342108bb4d39838262b626974df62,delta:original_style_04,0.003986322068601802,0.0021613434326959724,60
clean,f18c06f33f3f7f4037c074c58543ed7ff96342108bb4d39838262b626974df62,delta:original_style_05,0.008730164242268322,0.0067685326302325995,60
clean,f18c06f33f3f7f4037c074c58543ed7ff96342108bb4d39838262b626974df62,delta:original_style_06,0.01180780502367386,0.006019848303612651,60
clean,f18c06f33f3f7f4037c074c58543ed7ff96342108bb4d39838262b626974df62,delta:original_style_07,0.002967114795016274,0.0018927486497426465,60
clean,f18c06f33f3f7f4037c074c58543ed7ff96342108bb4d39838262b626974df62,delta:original_style_08,0.020948304793986083,0.014635625892068467,60
clean,f18c06f33f3f7f4037c074c58543ed7ff96342108bb4d39838262b626974df62,delta:original_style_09,0.00850474988864228,0.004865889095978161,60
clean,f18c06f33f3f7f4037c074c58543ed7ff96342108bb4d39838262b626974df62,delta:lexical_00,0.049124383575590035,0.01679043483279619,60
clean,f18c06f33f3f7f4037c074c58543ed7ff96342108bb4d39838262b626974df62,delta:lexical_01,0.016297107944562923,0.005159271516623713,60
clean,f18c06f33f3f7f4037c074c58543ed7ff96342108bb4d39838262b626974df62,delta:lexical_02,0.017143109245812863,0.008892501492166357,60
clean,f18c06f33f3f7f4037c074c58543ed7ff96342108bb4d39838262b626974df62,delta:lexical_03,0.01398375789948039,0.005455710492244523,60
clean,f18c06f33f3f7f4037c074c58543ed7ff96342108bb4d39838262b626974df62,delta:lexical_04,0.01520610837607205,0.008382829570010273,60
clean,f18c06f33f3f7f4037c074c58543ed7ff96342108bb4d39838262b626974df62,delta:lexical_05,0.017636314202120466,0.008613503645897058,60
clean,f18c06f33f3f7f4037c074c58543ed7ff96342108bb4d39838262b626974df62,delta:structural_syntax_00,0.007404850604891469,0.004249265661242457,60
clean,f18c06f33f3f7f4037c074c58543ed7ff96342108bb4d39838262b626974df62,delta:structural_syntax_01,0.011306413149433757,0.004824383344456779,60
clean,f18c06f33f3f7f4037c074c58543ed7ff96342108bb4d39838262b626974df62,delta:structural_syntax_02,0.0082875439676089,0.006490691702066355,60
clean,f18c06f33f3f7f4037c074c58543ed7ff96342108bb4d39838262b626974df62,delta:structural_syntax_03,0.11426902437650974,0.03246366095037617,60
clean,f18c06f33f3f7f4037c074c58543ed7ff96342108bb4d39838262b626974df62,delta:structural_syntax_04,0.0036786936458405735,0.0015320500836918695,60
clean,f18c06f33f3f7f4037c074c58543ed7ff96342108bb4d39838262b626974df62,delta:structural_syntax_05,0.008243080321338307,0.00546009163520509,60
clean,f18c06f33f3f7f4037c074c58543ed7ff96342108bb4d39838262b626974df62,delta:structural_syntax_06,0.015706547300318285,0.01950755074910099,60
clean,f18c06f33f3f7f4037c074c58543ed7ff96342108bb4d39838262b626974df62,delta:structural_syntax_07,0.0014679519662687,0.0014736447511297217,60
clean,f18c06f33f3f7f4037c074c58543ed7ff96342108bb4d39838262b626974df62,delta:formatting_layout_00,0.003437084720084446,0.0008451853219003071,60
clean,f18c06f33f3f7f4037c074c58543ed7ff96342108bb4d39838262b626974df62,delta:formatting_layout_01,0.005058368492717485,0.0016791966162459776,60
clean,f18c06f33f3f7f4037c074c58543ed7ff96342108bb4d39838262b626974df62,delta:formatting_layout_02,0.003471605973989072,0.0010710705096314784,60
clean,f18c06f33f3f7f4037c074c58543ed7ff96342108bb4d39838262b626974df62,delta:formatting_layout_03,0.002923114840720692,0.0008634224227536617,60
clean,f18c06f33f3f7f4037c074c58543ed7ff96342108bb4d39838262b626974df62,relative_delta:original_style_00,0.0032037985856338564,0.0033760106353678057,60
clean,f18c06f33f3f7f4037c074c58543ed7ff96342108bb4d39838262b626974df62,relative_delta:original_style_01,0.003284715424893221,0.002924530831814584,60
clean,f18c06f33f3f7f4037c074c58543ed7ff96342108bb4d39838262b626974df62,relative_delta:original_style_02,0.0061058398701506755,0.006097588146202761,60
clean,f18c06f33f3f7f4037c074c58543ed7ff96342108bb4d39838262b626974df62,relative_delta:original_style_03,0.0037645590137609934,0.0035523144487060966,60
clean,f18c06f33f3f7f4037c074c58543ed7ff96342108bb4d39838262b626974df62,relative_delta:original_style_04,0.0034688538145104366,0.0014877051569671734,60
clean,f18c06f33f3f7f4037c074c58543ed7ff96342108bb4d39838262b626974df62,relative_delta:original_style_05,0.006122619766931642,0.01308107201451743,60
clean,f18c06f33f3f7f4037c074c58543ed7ff96342108bb4d39838262b626974df62,relative_delta:original_style_06,0.0070941727640056575,0.004649914060772687,60
clean,f18c06f33f3f7f4037c074c58543ed7ff96342108bb4d39838262b626974df62,relative_delta:original_style_07,0.005172054438450308,0.0015020595990204917,60
clean,f18c06f33f3f7f4037c074c58543ed7ff96342108bb4d39838262b626974df62,relative_delta:original_style_08,0.00996826848616713,0.018948249672704146,60
clean,f18c06f33f3f7f4037c074c58543ed7ff96342108bb4d39838262b626974df62,relative_delta:original_style_09,0.008387081187694928,0.00990506106896331,60
clean,f18c06f33f3f7f4037c074c58543ed7ff96342108bb4d39838262b626974df62,relative_delta:lexical_00,0.015546652646923054,0.011518040465720589,60
clean,f18c06f33f3f7f4037c074c58543ed7ff96342108bb4d39838262b626974df62,relative_delta:lexical_01,0.029047483173343012,0.014066497683732977,60
clean,f18c06f33f3f7f4037c074c58543ed7ff96342108bb4d39838262b626974df62,relative_delta:lexical_02,0.01882814534550376,0.007890614735842802,60
clean,f18c06f33f3f7f4037c074c58543ed7ff96342108bb4d39838262b626974df62,relative_delta:lexical_03,0.018648876978450975,0.010756920315989101,60
clean,f18c06f33f3f7f4037c074c58543ed7ff96342108bb4d39838262b626974df62,relative_delta:lexical_04,0.0058530098052045065,0.0033976629235926465,60
clean,f18c06f33f3f7f4037c074c58543ed7ff96342108bb4d39838262b626974df62,relative_delta:lexical_05,0.019274265215433063,0.009791473408670566,60
clean,f18c06f33f3f7f4037c074c58543ed7ff96342108bb4d39838262b626974df62,relative_delta:structural_syntax_00,0.006816898657465588,0.005002217414822963,60
clean,f18c06f33f3f7f4037c074c58543ed7ff96342108bb4d39838262b626974df62,relative_delta:structural_syntax_01,0.020656745342801614,0.009200352284408984,60
clean,f18c06f33f3f7f4037c074c58543ed7ff96342108bb4d39838262b626974df62,relative_delta:structural_syntax_02,0.04842375980880515,0.040114634092757964,60
clean,f18c06f33f3f7f4037c074c58543ed7ff96342108bb4d39838262b626974df62,relative_delta:structural_syntax_03,0.10378266026310985,0.05253833110814926,60
clean,f18c06f33f3f7f4037c074c58543ed7ff96342108bb4d39838262b626974df62,relative_delta:structural_syntax_04,0.0043825418420915105,0.0032967044580966623,60
clean,f18c06f33f3f7f4037c074c58543ed7ff96342108bb4d39838262b626974df62,relative_delta:structural_syntax_05,0.046060755747697364,0.020984646581270267,60
clean,f18c06f33f3f7f4037c074c58543ed7ff96342108bb4d39838262b626974df62,relative_delta:structural_syntax_06,0.06036998286050774,0.021371825892168225,60
clean,f18c06f33f3f7f4037c074c58543ed7ff96342108bb4d39838262b626974df62,relative_delta:structural_syntax_07,0.004974226313163375,0.005706748412525408,60
clean,f18c06f33f3f7f4037c074c58543ed7ff96342108bb4d39838262b626974df62,relative_delta:formatting_layout_00,0.0025142833797590436,0.0008606348921505011,60
clean,f18c06f33f3f7f4037c074c58543ed7ff96342108bb4d39838262b626974df62,relative_delta:formatting_layout_01,0.005451332569770183,0.0024870725550948857,60
clean,f18c06f33f3f7f4037c074c58543ed7ff96342108bb4d39838262b626974df62,relative_delta:formatting_layout_02,0.003977090001144988,0.0017769730603892416,60
clean,f18c06f33f3f7f4037c074c58543ed7ff96342108bb4d39838262b626974df62,relative_delta:formatting_layout_03,0.0024931379885606026,0.001312976445298876,60
combined_attack,f18c06f33f3f7f4037c074c58543ed7ff96342108bb4d39838262b626974df62,human_absolute:original_style_00,0.0018883037536623268,0.0007521891392616889,60
combined_attack,f18c06f33f3f7f4037c074c58543ed7ff96342108bb4d39838262b626974df62,human_absolute:original_style_01,0.0019202727035969524,0.0007474523913171989,60
combined_attack,f18c06f33f3f7f4037c074c58543ed7ff96342108bb4d39838262b626974df62,human_absolute:original_style_02,0.0016080809531525927,0.0017587388486104804,60
combined_attack,f18c06f33f3f7f4037c074c58543ed7ff96342108bb4d39838262b626974df62,human_absolute:original_style_03,0.0020422784069213423,0.001815399810557892,60
combined_attack,f18c06f33f3f7f4037c074c58543ed7ff96342108bb4d39838262b626974df62,human_absolute:original_style_04,0.0018734865496398102,0.0006956505464065983,60
combined_attack,f18c06f33f3f7f4037c074c58543ed7ff96342108bb4d39838262b626974df62,human_absolute:original_style_05,0.0023358731905043007,0.0014611710602332028,60
combined_attack,f18c06f33f3f7f4037c074c58543ed7ff96342108bb4d39838262b626974df62,human_absolute:original_style_06,0.00203047511983668,0.000574693033253914,60
combined_attack,f18c06f33f3f7f4037c074c58543ed7ff96342108bb4d39838262b626974df62,human_absolute:original_style_07,0.0018122858648587825,0.0005316316719599642,60
combined_attack,f18c06f33f3f7f4037c074c58543ed7ff96342108bb4d39838262b626974df62,human_absolute:original_style_08,0.0021490646457109175,0.0007556567026186096,60
combined_attack,f18c06f33f3f7f4037c074c58543ed7ff96342108bb4d39838262b626974df62,human_absolute:original_style_09,0.0019430065677915485,0.0005419757041039592,60
combined_attack,f18c06f33f3f7f4037c074c58543ed7ff96342108bb4d39838262b626974df62,human_absolute:lexical_00,0.0029561652604140768,0.0007415624641443814,60
combined_attack,f18c06f33f3f7f4037c074c58543ed7ff96342108bb4d39838262b626974df62,human_absolute:lexical_01,0.002674108393929454,0.0008996038238460639,60
combined_attack,f18c06f33f3f7f4037c074c58543ed7ff96342108bb4d39838262b626974df62,human_absolute:lexical_02,0.002581265202629704,0.0008823786898166756,60
combined_attack,f18c06f33f3f7f4037c074c58543ed7ff96342108bb4d39838262b626974df62,human_absolute:lexical_03,0.0022404852921650794,0.0008647103171076052,60
combined_attack,f18c06f33f3f7f4037c074c58543ed7ff96342108bb4d39838262b626974df62,human_absolute:lexical_04,0.00222251887377284,0.0006964674620763472,60
combined_attack,f18c06f33f3f7f4037c074c58543ed7ff96342108bb4d39838262b626974df62,human_absolute:lexical_05,0.0027850554637633006,0.0010693805657777142,60
combined_attack,f18c06f33f3f7f4037c074c58543ed7ff96342108bb4d39838262b626974df62,human_absolute:structural_syntax_00,0.001909349295688126,0.0005943042762808769,60
combined_attack,f18c06f33f3f7f4037c074c58543ed7ff96342108bb4d39838262b626974df62,human_absolute:structural_syntax_01,0.001661187400227267,0.0005797599335226394,60
combined_attack,f18c06f33f3f7f4037c074c58543ed7ff96342108bb4d39838262b626974df62,human_absolute:structural_syntax_02,0.0024782895933876067,0.0014790383875575171,60
combined_attack,f18c06f33f3f7f4037c074c58543ed7ff96342108bb4d39838262b626974df62,human_absolute:structural_syntax_03,0.0030865273728913484,0.0018051101843315307,60
combined_attack,f18c06f33f3f7f4037c074c58543ed7ff96342108bb4d39838262b626974df62,human_absolute:structural_syntax_04,0.00198132020425247,0.0005775947204965337,60
combined_attack,f18c06f33f3f7f4037c074c58543ed7ff96342108bb4d39838262b626974df62,human_absolute:structural_syntax_05,0.001864589529498836,0.0007794911796345104,60
combined_attack,f18c06f33f3f7f4037c074c58543ed7ff96342108bb4d39838262b626974df62,human_absolute:structural_syntax_06,0.0021821420916186564,0.0007429426466381219,60
combined_attack,f18c06f33f3f7f4037c074c58543ed7ff96342108bb4d39838262b626974df62,human_absolute:structural_syntax_07,0.0006586275026412204,0.0008680703126995267,60
combined_attack,f18c06f33f3f7f4037c074c58543ed7ff96342108bb4d39838262b626974df62,human_absolute:formatting_layout_00,0.0017374109438164757,0.0005471796084276236,60
combined_attack,f18c06f33f3f7f4037c074c58543ed7ff96342108bb4d39838262b626974df62,human_absolute:formatting_layout_01,0.00218956705121573,0.0007896805215669501,60
combined_attack,f18c06f33f3f7f4037c074c58543ed7ff96342108bb4d39838262b626974df62,human_absolute:formatting_layout_02,0.0020225575522896866,0.0006046622278358728,60
combined_attack,f18c06f33f3f7f4037c074c58543ed7ff96342108bb4d39838262b626974df62,human_absolute:formatting_layout_03,0.0020563221131080648,0.00074114203097455,60
combined_attack,f18c06f33f3f7f4037c074c58543ed7ff96342108bb4d39838262b626974df62,candidate_absolute:original_style_00,0.002102133312195982,0.0010309114707776708,60
combined_attack,f18c06f33f3f7f4037c074c58543ed7ff96342108bb4d39838262b626974df62,candidate_absolute:original_style_01,0.0016751980398217769,0.0005979198924534589,60
combined_attack,f18c06f33f3f7f4037c074c58543ed7ff96342108bb4d39838262b626974df62,candidate_absolute:original_style_02,0.0017627426497777863,0.0015737883851426764,60
combined_attack,f18c06f33f3f7f4037c074c58543ed7ff96342108bb4d39838262b626974df62,candidate_absolute:original_style_03,0.0021339199710208295,0.00166205700398739,60
combined_attack,f18c06f33f3f7f4037c074c58543ed7ff96342108bb4d39838262b626974df62,candidate_absolute:original_style_04,0.0018516831176034027,0.0009806547627761472,60
combined_attack,f18c06f33f3f7f4037c074c58543ed7ff96342108bb4d39838262b626974df62,candidate_absolute:original_style_05,0.0023047465822287378,0.001108731390737334,60
combined_attack,f18c06f33f3f7f4037c074c58543ed7ff96342108bb4d39838262b626974df62,candidate_absolute:original_style_06,0.0026738012782006075,0.000912505725791849,60
combined_attack,f18c06f33f3f7f4037c074c58543ed7ff96342108bb4d39838262b626974df62,candidate_absolute:original_style_07,0.002407382643967247,0.0007618303105832359,60
combined_attack,f18c06f33f3f7f4037c074c58543ed7ff96342108bb4d39838262b626974df62,candidate_absolute:original_style_08,0.002732942721533033,0.0013232459178381427,60
combined_attack,f18c06f33f3f7f4037c074c58543ed7ff96342108bb4d39838262b626974df62,candidate_absolute:original_style_09,0.002367751666333942,0.0008820891611380312,60
combined_attack,f18c06f33f3f7f4037c074c58543ed7ff96342108bb4d39838262b626974df62,candidate_absolute:lexical_00,0.003540329266895737,0.0007549787838500724,60
combined_attack,f18c06f33f3f7f4037c074c58543ed7ff96342108bb4d39838262b626974df62,candidate_absolute:lexical_01,0.003181179674200412,0.0010055866230269778,60
combined_attack,f18c06f33f3f7f4037c074c58543ed7ff96342108bb4d39838262b626974df62,candidate_absolute:lexical_02,0.003067187574206907,0.0010081061003170027,60
combined_attack,f18c06f33f3f7f4037c074c58543ed7ff96342108bb4d39838262b626974df62,candidate_absolute:lexical_03,0.002272367187723427,0.0009536431782223365,60
combined_attack,f18c06f33f3f7f4037c074c58543ed7ff96342108bb4d39838262b626974df62,candidate_absolute:lexical_04,0.002266099739978776,0.0006435354848236652,60
combined_attack,f18c06f33f3f7f4037c074c58543ed7ff96342108bb4d39838262b626974df62,candidate_absolute:lexical_05,0.002935612940369219,0.0010767204236240863,60
combined_attack,f18c06f33f3f7f4037c074c58543ed7ff96342108bb4d39838262b626974df62,candidate_absolute:structural_syntax_00,0.0032978487747751307,0.0013447985728977042,60
combined_attack,f18c06f33f3f7f4037c074c58543ed7ff96342108bb4d39838262b626974df62,candidate_absolute:structural_syntax_01,0.0016398175329243462,0.0005901679034529273,60
combined_attack,f18c06f33f3f7f4037c074c58543ed7ff96342108bb4d39838262b626974df62,candidate_absolute:structural_syntax_02,0.0024261861325745055,0.001511348288437585,60
combined_attack,f18c06f33f3f7f4037c074c58543ed7ff96342108bb4d39838262b626974df62,candidate_absolute:structural_syntax_03,0.010167021088590932,0.005668913612699345,60
combined_attack,f18c06f33f3f7f4037c074c58543ed7ff96342108bb4d39838262b626974df62,candidate_absolute:structural_syntax_04,0.002537057514198144,0.0014194584610753428,60
combined_attack,f18c06f33f3f7f4037c074c58543ed7ff96342108bb4d39838262b626974df62,candidate_absolute:structural_syntax_05,0.0024810787442363716,0.001486345460184019,60
combined_attack,f18c06f33f3f7f4037c074c58543ed7ff96342108bb4d39838262b626974df62,candidate_absolute:structural_syntax_06,0.0022817191641534428,0.0007817380624763986,60
combined_attack,f18c06f33f3f7f4037c074c58543ed7ff96342108bb4d39838262b626974df62,candidate_absolute:structural_syntax_07,0.001306267585759921,0.0015728511657099823,60
combined_attack,f18c06f33f3f7f4037c074c58543ed7ff96342108bb4d39838262b626974df62,candidate_absolute:formatting_layout_00,0.0016891884814106877,0.0006271875685538013,60
combined_attack,f18c06f33f3f7f4037c074c58543ed7ff96342108bb4d39838262b626974df62,candidate_absolute:formatting_layout_01,0.0018316439076737883,0.000519589399672602,60
combined_attack,f18c06f33f3f7f4037c074c58543ed7ff96342108bb4d39838262b626974df62,candidate_absolute:formatting_layout_02,0.0017636844147975747,0.0003491022496941624,60
combined_attack,f18c06f33f3f7f4037c074c58543ed7ff96342108bb4d39838262b626974df62,candidate_absolute:formatting_layout_03,0.002109256311097005,0.0008372084816805547,60
combined_attack,f18c06f33f3f7f4037c074c58543ed7ff96342108bb4d39838262b626974df62,delta:original_style_00,0.007389772448454588,0.007269049562245075,60
combined_attack,f18c06f33f3f7f4037c074c58543ed7ff96342108bb4d39838262b626974df62,delta:original_style_01,0.00619934024466462,0.0030871903751986717,60
combined_attack,f18c06f33f3f7f4037c074c58543ed7ff96342108bb4d39838262b626974df62,delta:original_style_02,0.005543958365229524,0.004466150812327978,60
combined_attack,f18c06f33f3f7f4037c074c58543ed7ff96342108bb4d39838262b626974df62,delta:original_style_03,0.003907131322933353,0.0024738605123737828,60
combined_attack,f18c06f33f3f7f4037c074c58543ed7ff96342108bb4d39838262b626974df62,delta:original_style_04,0.003986322068601802,0.0021613434326959724,60
combined_attack,f18c06f33f3f7f4037c074c58543ed7ff96342108bb4d39838262b626974df62,delta:original_style_05,0.008730164242268322,0.0067685326302325995,60
combined_attack,f18c06f33f3f7f4037c074c58543ed7ff96342108bb4d39838262b626974df62,delta:original_style_06,0.01180780502367386,0.006019848303612651,60
combined_attack,f18c06f33f3f7f4037c074c58543ed7ff96342108bb4d39838262b626974df62,delta:original_style_07,0.002967114795016274,0.0018927486497426465,60
combined_attack,f18c06f33f3f7f4037c074c58543ed7ff96342108bb4d39838262b626974df62,delta:original_style_08,0.020948304793986083,0.014635625892068467,60
combined_attack,f18c06f33f3f7f4037c074c58543ed7ff96342108bb4d39838262b626974df62,delta:original_style_09,0.00850474988864228,0.004865889095978161,60
combined_attack,f18c06f33f3f7f4037c074c58543ed7ff96342108bb4d39838262b626974df62,delta:lexical_00,0.049124383575590035,0.01679043483279619,60
combined_attack,f18c06f33f3f7f4037c074c58543ed7ff96342108bb4d39838262b626974df62,delta:lexical_01,0.016297107944562923,0.005159271516623713,60
combined_attack,f18c06f33f3f7f4037c074c58543ed7ff96342108bb4d39838262b626974df62,delta:lexical_02,0.017143109245812863,0.008892501492166357,60
combined_attack,f18c06f33f3f7f4037c074c58543ed7ff96342108bb4d39838262b626974df62,delta:lexical_03,0.01398375789948039,0.005455710492244523,60
combined_attack,f18c06f33f3f7f4037c074c58543ed7ff96342108bb4d39838262b626974df62,delta:lexical_04,0.01520610837607205,0.008382829570010273,60
combined_attack,f18c06f33f3f7f4037c074c58543ed7ff96342108bb4d39838262b626974df62,delta:lexical_05,0.017636314202120466,0.008613503645897058,60
combined_attack,f18c06f33f3f7f4037c074c58543ed7ff96342108bb4d39838262b626974df62,delta:structural_syntax_00,0.007404850604891469,0.004249265661242457,60
combined_attack,f18c06f33f3f7f4037c074c58543ed7ff96342108bb4d39838262b626974df62,delta:structural_syntax_01,0.011306413149433757,0.004824383344456779,60
combined_attack,f18c06f33f3f7f4037c074c58543ed7ff96342108bb4d39838262b626974df62,delta:structural_syntax_02,0.0082875439676089,0.006490691702066355,60
combined_attack,f18c06f33f3f7f4037c074c58543ed7ff96342108bb4d39838262b626974df62,delta:structural_syntax_03,0.11426902437650974,0.03246366095037617,60
combined_attack,f18c06f33f3f7f4037c074c58543ed7ff96342108bb4d39838262b626974df62,delta:structural_syntax_04,0.0036786936458405735,0.0015320500836918695,60
combined_attack,f18c06f33f3f7f4037c074c58543ed7ff96342108bb4d39838262b626974df62,delta:structural_syntax_05,0.008243080321338307,0.00546009163520509,60
combined_attack,f18c06f33f3f7f4037c074c58543ed7ff96342108bb4d39838262b626974df62,delta:structural_syntax_06,0.015706547300318285,0.01950755074910099,60
combined_attack,f18c06f33f3f7f4037c074c58543ed7ff96342108bb4d39838262b626974df62,delta:structural_syntax_07,0.0014679519662687,0.0014736447511297217,60
combined_attack,f18c06f33f3f7f4037c074c58543ed7ff96342108bb4d39838262b626974df62,delta:formatting_layout_00,0.003437084720084446,0.0008451853219003071,60
combined_attack,f18c06f33f3f7f4037c074c58543ed7ff96342108bb4d39838262b626974df62,delta:formatting_layout_01,0.005058368492717485,0.0016791966162459776,60
combined_attack,f18c06f33f3f7f4037c074c58543ed7ff96342108bb4d39838262b626974df62,delta:formatting_layout_02,0.003471605973989072,0.0010710705096314784,60
combined_attack,f18c06f33f3f7f4037c074c58543ed7ff96342108bb4d39838262b626974df62,delta:formatting_layout_03,0.002923114840720692,0.0008634224227536617,60
combined_attack,f18c06f33f3f7f4037c074c58543ed7ff96342108bb4d39838262b626974df62,relative_delta:original_style_00,0.0032037985856338564,0.0033760106353678057,60
combined_attack,f18c06f33f3f7f4037c074c58543ed7ff96342108bb4d39838262b626974df62,relative_delta:original_style_01,0.003284715424893221,0.002924530831814584,60
combined_attack,f18c06f33f3f7f4037c074c58543ed7ff96342108bb4d39838262b626974df62,relative_delta:original_style_02,0.0061058398701506755,0.006097588146202761,60
combined_attack,f18c06f33f3f7f4037c074c58543ed7ff96342108bb4d39838262b626974df62,relative_delta:original_style_03,0.0037645590137609934,0.0035523144487060966,60
combined_attack,f18c06f33f3f7f4037c074c58543ed7ff96342108bb4d39838262b626974df62,relative_delta:original_style_04,0.0034688538145104366,0.0014877051569671734,60
combined_attack,f18c06f33f3f7f4037c074c58543ed7ff96342108bb4d39838262b626974df62,relative_delta:original_style_05,0.006122619766931642,0.01308107201451743,60
combined_attack,f18c06f33f3f7f4037c074c58543ed7ff96342108bb4d39838262b626974df62,relative_delta:original_style_06,0.0070941727640056575,0.004649914060772687,60
combined_attack,f18c06f33f3f7f4037c074c58543ed7ff96342108bb4d39838262b626974df62,relative_delta:original_style_07,0.005172054438450308,0.0015020595990204917,60
combined_attack,f18c06f33f3f7f4037c074c58543ed7ff96342108bb4d39838262b626974df62,relative_delta:original_style_08,0.00996826848616713,0.018948249672704146,60
combined_attack,f18c06f33f3f7f4037c074c58543ed7ff96342108bb4d39838262b626974df62,relative_delta:original_style_09,0.008387081187694928,0.00990506106896331,60
combined_attack,f18c06f33f3f7f4037c074c58543ed7ff96342108bb4d39838262b626974df62,relative_delta:lexical_00,0.015546652646923054,0.011518040465720589,60
combined_attack,f18c06f33f3f7f4037c074c58543ed7ff96342108bb4d39838262b626974df62,relative_delta:lexical_01,0.029047483173343012,0.014066497683732977,60
combined_attack,f18c06f33f3f7f4037c074c58543ed7ff96342108bb4d39838262b626974df62,relative_delta:lexical_02,0.01882814534550376,0.007890614735842802,60
combined_attack,f18c06f33f3f7f4037c074c58543ed7ff96342108bb4d39838262b626974df62,relative_delta:lexical_03,0.018648876978450975,0.010756920315989101,60
combined_attack,f18c06f33f3f7f4037c074c58543ed7ff96342108bb4d39838262b626974df62,relative_delta:lexical_04,0.0058530098052045065,0.0033976629235926465,60
combined_attack,f18c06f33f3f7f4037c074c58543ed7ff96342108bb4d39838262b626974df62,relative_delta:lexical_05,0.019274265215433063,0.009791473408670566,60
combined_attack,f18c06f33f3f7f4037c074c58543ed7ff96342108bb4d39838262b626974df62,relative_delta:structural_syntax_00,0.006816898657465588,0.005002217414822963,60
combined_attack,f18c06f33f3f7f4037c074c58543ed7ff96342108bb4d39838262b626974df62,relative_delta:structural_syntax_01,0.020656745342801614,0.009200352284408984,60
combined_attack,f18c06f33f3f7f4037c074c58543ed7ff96342108bb4d39838262b626974df62,relative_delta:structural_syntax_02,0.04842375980880515,0.040114634092757964,60
combined_attack,f18c06f33f3f7f4037c074c58543ed7ff96342108bb4d39838262b626974df62,relative_delta:structural_syntax_03,0.10378266026310985,0.05253833110814926,60
combined_attack,f18c06f33f3f7f4037c074c58543ed7ff96342108bb4d39838262b626974df62,relative_delta:structural_syntax_04,0.0043825418420915105,0.0032967044580966623,60
combined_attack,f18c06f33f3f7f4037c074c58543ed7ff96342108bb4d39838262b626974df62,relative_delta:structural_syntax_05,0.046060755747697364,0.020984646581270267,60
combined_attack,f18c06f33f3f7f4037c074c58543ed7ff96342108bb4d39838262b626974df62,relative_delta:structural_syntax_06,0.06036998286050774,0.021371825892168225,60
combined_attack,f18c06f33f3f7f4037c074c58543ed7ff96342108bb4d39838262b626974df62,relative_delta:structural_syntax_07,0.004974226313163375,0.005706748412525408,60
combined_attack,f18c06f33f3f7f4037c074c58543ed7ff96342108bb4d39838262b626974df62,relative_delta:formatting_layout_00,0.0025142833797590436,0.0008606348921505011,60
combined_attack,f18c06f33f3f7f4037c074c58543ed7ff96342108bb4d39838262b626974df62,relative_delta:formatting_layout_01,0.005451332569770183,0.0024870725550948857,60
combined_attack,f18c06f33f3f7f4037c074c58543ed7ff96342108bb4d39838262b626974df62,relative_delta:formatting_layout_02,0.003977090001144988,0.0017769730603892416,60
combined_attack,f18c06f33f3f7f4037c074c58543ed7ff96342108bb4d39838262b626974df62,relative_delta:formatting_layout_03,0.0024931379885606026,0.001312976445298876,60
cross_language,f18c06f33f3f7f4037c074c58543ed7ff96342108bb4d39838262b626974df62,human_absolute:original_style_00,0.001180625338377285,0.00037455973590999446,12
cross_language,f18c06f33f3f7f4037c074c58543ed7ff96342108bb4d39838262b626974df62,human_absolute:original_style_01,0.001361438955792876,0.0004429124667317545,12
cross_language,f18c06f33f3f7f4037c074c58543ed7ff96342108bb4d39838262b626974df62,human_absolute:original_style_02,0.0014213872645295709,0.0005951417786450658,12
cross_language,f18c06f33f3f7f4037c074c58543ed7ff96342108bb4d39838262b626974df62,human_absolute:original_style_03,0.004751006668567538,0.001414841423609198,12
cross_language,f18c06f33f3f7f4037c074c58543ed7ff96342108bb4d39838262b626974df62,human_absolute:original_style_04,0.0012028214246877886,0.00018362463056060223,12
cross_language,f18c06f33f3f7f4037c074c58543ed7ff96342108bb4d39838262b626974df62,human_absolute:original_style_05,0.0014683828928614966,0.0003692720114956464,12
cross_language,f18c06f33f3f7f4037c074c58543ed7ff96342108bb4d39838262b626974df62,human_absolute:original_style_06,0.0015436140756801646,0.00023561718818058467,12
cross_language,f18c06f33f3f7f4037c074c58543ed7ff96342108bb4d39838262b626974df62,human_absolute:original_style_07,0.0015015306839854551,0.0001924625569604205,12
cross_language,f18c06f33f3f7f4037c074c58543ed7ff96342108bb4d39838262b626974df62,human_absolute:original_style_08,0.001569293420114078,0.0003754427658694525,12
cross_language,f18c06f33f3f7f4037c074c58543ed7ff96342108bb4d39838262b626974df62,human_absolute:original_style_09,0.0013778578833337305,0.0003292209731927851,12
cross_language,f18c06f33f3f7f4037c074c58543ed7ff96342108bb4d39838262b626974df62,human_absolute:lexical_00,0.0021200750056484924,0.00033560029181617374,12
cross_language,f18c06f33f3f7f4037c074c58543ed7ff96342108bb4d39838262b626974df62,human_absolute:lexical_01,0.0017312757466794902,0.00030298143700917436,12
cross_language,f18c06f33f3f7f4037c074c58543ed7ff96342108bb4d39838262b626974df62,human_absolute:lexical_02,0.001856610447389811,0.0002635760447748284,12
cross_language,f18c06f33f3f7f4037c074c58543ed7ff96342108bb4d39838262b626974df62,human_absolute:lexical_03,0.0014336511179454425,0.00027672548352302524,12
cross_language,f18c06f33f3f7f4037c074c58543ed7ff96342108bb4d39838262b626974df62,human_absolute:lexical_04,0.001370441649200584,0.0003936854342601675,12
cross_language,f18c06f33f3f7f4037c074c58543ed7ff96342108bb4d39838262b626974df62,human_absolute:lexical_05,0.001497225238693916,0.0003569987150273607,12
cross_language,f18c06f33f3f7f4037c074c58543ed7ff96342108bb4d39838262b626974df62,human_absolute:structural_syntax_00,0.0010580513319684776,0.00019298333767877527,12
cross_language,f18c06f33f3f7f4037c074c58543ed7ff96342108bb4d39838262b626974df62,human_absolute:structural_syntax_01,0.0011773802323346324,0.00022833286646485094,12
cross_language,f18c06f33f3f7f4037c074c58543ed7ff96342108bb4d39838262b626974df62,human_absolute:structural_syntax_02,0.001353590626998022,0.0003513752059959672,12
cross_language,f18c06f33f3f7f4037c074c58543ed7ff96342108bb4d39838262b626974df62,human_absolute:structural_syntax_03,0.002234312060086471,0.0005642604379455669,12
cross_language,f18c06f33f3f7f4037c074c58543ed7ff96342108bb4d39838262b626974df62,human_absolute:structural_syntax_04,0.0012136516156206895,0.00020672731923245644,12
cross_language,f18c06f33f3f7f4037c074c58543ed7ff96342108bb4d39838262b626974df62,human_absolute:structural_syntax_05,0.0014383216926752431,0.00014973775996245337,12
cross_language,f18c06f33f3f7f4037c074c58543ed7ff96342108bb4d39838262b626974df62,human_absolute:structural_syntax_06,0.0011692331903955559,0.0002460781529706971,12
cross_language,f18c06f33f3f7f4037c074c58543ed7ff96342108bb4d39838262b626974df62,human_absolute:structural_syntax_07,0.0012796054827698886,0.0003320966330000123,12
cross_language,f18c06f33f3f7f4037c074c58543ed7ff96342108bb4d39838262b626974df62,human_absolute:formatting_layout_00,0.001089883345801435,0.00015123760011282863,12
cross_language,f18c06f33f3f7f4037c074c58543ed7ff96342108bb4d39838262b626974df62,human_absolute:formatting_layout_01,0.0011352892239792779,0.00018738844607570757,12
cross_language,f18c06f33f3f7f4037c074c58543ed7ff96342108bb4d39838262b626974df62,human_absolute:formatting_layout_02,0.0011850547700490018,0.00011231522844131061,12
cross_language,f18c06f33f3f7f4037c074c58543ed7ff96342108bb4d39838262b626974df62,human_absolute:formatting_layout_03,0.0013871541739227681,0.00019654532009796935,12
cross_language,f18c06f33f3f7f4037c074c58543ed7ff96342108bb4d39838262b626974df62,candidate_absolute:original_style_00,0.0016749452237842918,0.001129654602820861,12
cross_language,f18c06f33f3f7f4037c074c58543ed7ff96342108bb4d39838262b626974df62,candidate_absolute:original_style_01,0.001322191231403083,0.0005311062639702855,12
cross_language,f18c06f33f3f7f4037c074c58543ed7ff96342108bb4d39838262b626974df62,candidate_absolute:original_style_02,0.001197587678103871,0.0008956822329501277,12
cross_language,f18c06f33f3f7f4037c074c58543ed7ff96342108bb4d39838262b626974df62,candidate_absolute:original_style_03,0.005227406632301888,0.0011038597403114031,12
cross_language,f18c06f33f3f7f4037c074c58543ed7ff96342108bb4d39838262b626974df62,candidate_absolute:original_style_04,0.0010947230932356288,0.00018193660816527132,12
cross_language,f18c06f33f3f7f4037c074c58543ed7ff96342108bb4d39838262b626974df62,candidate_absolute:original_style_05,0.0017810364091005247,0.00034121507630294494,12
cross_language,f18c06f33f3f7f4037c074c58543ed7ff96342108bb4d39838262b626974df62,candidate_absolute:original_style_06,0.0015717400780287348,0.00026189278154581147,12
cross_language,f18c06f33f3f7f4037c074c58543ed7ff96342108bb4d39838262b626974df62,candidate_absolute:original_style_07,0.0025189496275807143,0.0002349940400081756,12
cross_language,f18c06f33f3f7f4037c074c58543ed7ff96342108bb4d39838262b626974df62,candidate_absolute:original_style_08,0.0027796948194406604,0.0008660631526443697,12
cross_language,f18c06f33f3f7f4037c074c58543ed7ff96342108bb4d39838262b626974df62,candidate_absolute:original_style_09,0.0016601620899428834,0.00047336181067791564,12
cross_language,f18c06f33f3f7f4037c074c58543ed7ff96342108bb4d39838262b626974df62,candidate_absolute:lexical_00,0.0026349831794358317,0.00046415601727126934,12
cross_language,f18c06f33f3f7f4037c074c58543ed7ff96342108bb4d39838262b626974df62,candidate_absolute:lexical_01,0.0017588649948302186,0.0003569641068464782,12
cross_language,f18c06f33f3f7f4037c074c58543ed7ff96342108bb4d39838262b626974df62,candidate_absolute:lexical_02,0.0021369213410123472,0.0003492079142097871,12
cross_language,f18c06f33f3f7f4037c074c58543ed7ff96342108bb4d39838262b626974df62,candidate_absolute:lexical_03,0.0014236331175604662,0.00019300655242795027,12
cross_language,f18c06f33f3f7f4037c074c58543ed7ff96342108bb4d39838262b626974df62,candidate_absolute:lexical_04,0.002271020171866465,0.0003639012467627545,12
cross_language,f18c06f33f3f7f4037c074c58543ed7ff96342108bb4d39838262b626974df62,candidate_absolute:lexical_05,0.0014935814246802195,0.0003956232133075635,12
cross_language,f18c06f33f3f7f4037c074c58543ed7ff96342108bb4d39838262b626974df62,candidate_absolute:structural_syntax_00,0.00246646218681802,0.0003322889390705123,12
cross_language,f18c06f33f3f7f4037c074c58543ed7ff96342108bb4d39838262b626974df62,candidate_absolute:structural_syntax_01,0.0010811354855083713,0.0001954473263198665,12
cross_language,f18c06f33f3f7f4037c074c58543ed7ff96342108bb4d39838262b626974df62,candidate_absolute:structural_syntax_02,0.0010249170129845886,0.00022170078270876713,12
cross_language,f18c06f33f3f7f4037c074c58543ed7ff96342108bb4d39838262b626974df62,candidate_absolute:structural_syntax_03,0.016099029357582288,0.006837031893919345,12
cross_language,f18c06f33f3f7f4037c074c58543ed7ff96342108bb4d39838262b626974df62,candidate_absolute:structural_syntax_04,0.0014080711882339125,0.00033023573828955033,12
cross_language,f18c06f33f3f7f4037c074c58543ed7ff96342108bb4d39838262b626974df62,candidate_absolute:structural_syntax_05,0.0014800885184297237,0.0006403303790410878,12
cross_language,f18c06f33f3f7f4037c074c58543ed7ff96342108bb4d39838262b626974df62,candidate_absolute:structural_syntax_06,0.0012508180240708101,0.0002834148479296647,12
cross_language,f18c06f33f3f7f4037c074c58543ed7ff96342108bb4d39838262b626974df62,candidate_absolute:structural_syntax_07,0.0008741535542137196,0.00035687660607399937,12
cross_language,f18c06f33f3f7f4037c074c58543ed7ff96342108bb4d39838262b626974df62,candidate_absolute:formatting_layout_00,0.0010745643438803468,0.00015213865819455651,12
cross_language,f18c06f33f3f7f4037c074c58543ed7ff96342108bb4d39838262b626974df62,candidate_absolute:formatting_layout_01,0.0010642721239811825,0.00023166722329036427,12
cross_language,f18c06f33f3f7f4037c074c58543ed7ff96342108bb4d39838262b626974df62,candidate_absolute:formatting_layout_02,0.0012521327813978234,0.0001669767694199707,12
cross_language,f18c06f33f3f7f4037c074c58543ed7ff96342108bb4d39838262b626974df62,candidate_absolute:formatting_layout_03,0.0012808229672639536,0.00017521155495544316,12
cross_language,f18c06f33f3f7f4037c074c58543ed7ff96342108bb4d39838262b626974df62,delta:original_style_00,0.0052399405802632665,0.0017084021731794262,12
cross_language,f18c06f33f3f7f4037c074c58543ed7ff96342108bb4d39838262b626974df62,delta:original_style_01,0.008611604020164379,0.0016187405352724041,12
cross_language,f18c06f33f3f7f4037c074c58543ed7ff96342108bb4d39838262b626974df62,delta:original_style_02,0.00565614487947845,0.0016632447168915467,12
cross_language,f18c06f33f3f7f4037c074c58543ed7ff96342108bb4d39838262b626974df62,delta:original_style_03,0.005895116768329655,0.0012703885421156017,12
cross_language,f18c06f33f3f7f4037c074c58543ed7ff96342108bb4d39838262b626974df62,delta:original_style_04,0.0029435279783308773,0.0009429446289539436,12
cross_language,f18c06f33f3f7f4037c074c58543ed7ff96342108bb4d39838262b626974df62,delta:original_style_05,0.004589960849917187,0.0015487112175411463,12
cross_language,f18c06f33f3f7f4037c074c58543ed7ff96342108bb4d39838262b626974df62,delta:original_style_06,0.01559096932850728,0.003846053000277985,12
cross_language,f18c06f33f3f7f4037c074c58543ed7ff96342108bb4d39838262b626974df62,delta:original_style_07,0.002214830389075564,0.0007736678681042961,12
cross_language,f18c06f33f3f7f4037c074c58543ed7ff96342108bb4d39838262b626974df62,delta:original_style_08,0.024047993172448833,0.008966510458835886,12
cross_language,f18c06f33f3f7f4037c074c58543ed7ff96342108bb4d39838262b626974df62,delta:original_style_09,0.008854251378253485,0.0025539312847099997,12
cross_language,f18c06f33f3f7f4037c074c58543ed7ff96342108bb4d39838262b626974df62,delta:lexical_00,0.04473414532705897,0.008511833295790989,12
cross_language,f18c06f33f3f7f4037c074c58543ed7ff96342108bb4d39838262b626974df62,delta:lexical_01,0.014386134168625804,0.0020259784370638967,12
cross_language,f18c06f33f3f7f4037c074c58543ed7ff96342108bb4d39838262b626974df62,delta:lexical_02,0.014212140744530847,0.004821945149465252,12
cross_language,f18c06f33f3f7f4037c074c58543ed7ff96342108bb4d39838262b626974df62,delta:lexical_03,0.017051860459463938,0.006182001139143117,12
cross_language,f18c06f33f3f7f4037c074c58543ed7ff96342108bb4d39838262b626974df62,delta:lexical_04,0.016391008226425776,0.004716088547639388,12
cross_language,f18c06f33f3f7f4037c074c58543ed7ff96342108bb4d39838262b626974df62,delta:lexical_05,0.01373480689280056,0.005977264565733078,12
cross_language,f18c06f33f3f7f4037c074c58543ed7ff96342108bb4d39838262b626974df62,delta:structural_syntax_00,0.006941355063991925,0.0015413657245292851,12
cross_language,f18c06f33f3f7f4037c074c58543ed7ff96342108bb4d39838262b626974df62,delta:structural_syntax_01,0.00829189469587975,0.0025014293892878627,12
cross_language,f18c06f33f3f7f4037c074c58543ed7ff96342108bb4d39838262b626974df62,delta:structural_syntax_02,0.004012430183212563,0.0014322870887030729,12
cross_language,f18c06f33f3f7f4037c074c58543ed7ff96342108bb4d39838262b626974df62,delta:structural_syntax_03,0.12599101329769288,0.025513588998199475,12
cross_language,f18c06f33f3f7f4037c074c58543ed7ff96342108bb4d39838262b626974df62,delta:structural_syntax_04,0.0028471583290498787,0.0007122917967086247,12
cross_language,f18c06f33f3f7f4037c074c58543ed7ff96342108bb4d39838262b626974df62,delta:structural_syntax_05,0.005717432197860659,0.003917663028656283,12
cross_language,f18c06f33f3f7f4037c074c58543ed7ff96342108bb4d39838262b626974df62,delta:structural_syntax_06,0.005711868802550664,0.00352118222167035,12
cross_language,f18c06f33f3f7f4037c074c58543ed7ff96342108bb4d39838262b626974df62,delta:structural_syntax_07,0.0022254473430741574,0.0004630686012897499,12
cross_language,f18c06f33f3f7f4037c074c58543ed7ff96342108bb4d39838262b626974df62,delta:formatting_layout_00,0.003701663189671098,0.0005781631594058106,12
cross_language,f18c06f33f3f7f4037c074c58543ed7ff96342108bb4d39838262b626974df62,delta:formatting_layout_01,0.007328631623386504,0.0018721881314767,12
cross_language,f18c06f33f3f7f4037c074c58543ed7ff96342108bb4d39838262b626974df62,delta:formatting_layout_02,0.0032333588743047557,0.0008911259464562138,12
cross_language,f18c06f33f3f7f4037c074c58543ed7ff96342108bb4d39838262b626974df62,delta:formatting_layout_03,0.002694664741414689,0.0009758463934851631,12
cross_language,f18c06f33f3f7f4037c074c58543ed7ff96342108bb4d39838262b626974df62,relative_delta:original_style_00,0.001583438873353535,0.0008420404291406555,12
cross_language,f18c06f33f3f7f4037c074c58543ed7ff96342108bb4d39838262b626974df62,relative_delta:original_style_01,0.0022405773022456258,0.0012759376958830595,12
cross_language,f18c06f33f3f7f4037c074c58543ed7ff96342108bb4d39838262b626974df62,relative_delta:original_style_02,0.007870564693375099,0.003873523152231877,12
cross_language,f18c06f33f3f7f4037c074c58543ed7ff96342108bb4d39838262b626974df62,relative_delta:original_style_03,0.006959138760911611,0.002395853788800689,12
cross_language,f18c06f33f3f7f4037c074c58543ed7ff96342108bb4d39838262b626974df62,relative_delta:original_style_04,0.0026554384582611265,0.0007474755778016354,12
cross_language,f18c06f33f3f7f4037c074c58543ed7ff96342108bb4d39838262b626974df62,relative_delta:original_style_05,0.0027045014416461634,0.004185063612349299,12
cross_language,f18c06f33f3f7f4037c074c58543ed7ff96342108bb4d39838262b626974df62,relative_delta:original_style_06,0.0038080935183577185,0.0016564481711045917,12
cross_language,f18c06f33f3f7f4037c074c58543ed7ff96342108bb4d39838262b626974df62,relative_delta:original_style_07,0.006536643484340909,0.0007113640131985378,12
cross_language,f18c06f33f3f7f4037c074c58543ed7ff96342108bb4d39838262b626974df62,relative_delta:original_style_08,0.00911189920956621,0.015112582907910212,12
cross_language,f18c06f33f3f7f4037c074c58543ed7ff96342108bb4d39838262b626974df62,relative_delta:original_style_09,0.01290081328517974,0.009262091753267875,12
cross_language,f18c06f33f3f7f4037c074c58543ed7ff96342108bb4d39838262b626974df62,relative_delta:lexical_00,0.016634646096810857,0.014434181096568091,12
cross_language,f18c06f33f3f7f4037c074c58543ed7ff96342108bb4d39838262b626974df62,relative_delta:lexical_01,0.017752315127594197,0.004401484459098823,12
cross_language,f18c06f33f3f7f4037c074c58543ed7ff96342108bb4d39838262b626974df62,relative_delta:lexical_02,0.019600663795001364,0.004026728153260392,12
cross_language,f18c06f33f3f7f4037c074c58543ed7ff96342108bb4d39838262b626974df62,relative_delta:lexical_03,0.02781650598386066,0.00879835765260289,12
cross_language,f18c06f33f3f7f4037c074c58543ed7ff96342108bb4d39838262b626974df62,relative_delta:lexical_04,0.0032619823424230097,0.0012240380436706847,12
cross_language,f18c06f33f3f7f4037c074c58543ed7ff96342108bb4d39838262b626974df62,relative_delta:lexical_05,0.01844920530925764,0.00668391231250127,12
cross_language,f18c06f33f3f7f4037c074c58543ed7ff96342108bb4d39838262b626974df62,relative_delta:structural_syntax_00,0.004276691095414232,0.0043460089341016885,12
cross_language,f18c06f33f3f7f4037c074c58543ed7ff96342108bb4d39838262b626974df62,relative_delta:structural_syntax_01,0.02136466406662611,0.005730936330086257,12
cross_language,f18c06f33f3f7f4037c074c58543ed7ff96342108bb4d39838262b626974df62,relative_delta:structural_syntax_02,0.02922180040423188,0.008964257485794358,12
cross_language,f18c06f33f3f7f4037c074c58543ed7ff96342108bb4d39838262b626974df62,relative_delta:structural_syntax_03,0.12208882077020784,0.07105647825090794,12
cross_language,f18c06f33f3f7f4037c074c58543ed7ff96342108bb4d39838262b626974df62,relative_delta:structural_syntax_04,0.0027078481997814606,0.0015577214529073303,12
cross_language,f18c06f33f3f7f4037c074c58543ed7ff96342108bb4d39838262b626974df62,relative_delta:structural_syntax_05,0.062035764623393636,0.018521506467858512,12
cross_language,f18c06f33f3f7f4037c074c58543ed7ff96342108bb4d39838262b626974df62,relative_delta:structural_syntax_06,0.09085379867582548,0.01929604603068373,12
cross_language,f18c06f33f3f7f4037c074c58543ed7ff96342108bb4d39838262b626974df62,relative_delta:structural_syntax_07,0.007122572826407231,0.002138251877736648,12
cross_language,f18c06f33f3f7f4037c074c58543ed7ff96342108bb4d39838262b626974df62,relative_delta:formatting_layout_00,0.0017149808193036898,0.0005555030290566364,12
cross_language,f18c06f33f3f7f4037c074c58543ed7ff96342108bb4d39838262b626974df62,relative_delta:formatting_layout_01,0.005538286157085925,0.0018730120040672223,12
cross_language,f18c06f33f3f7f4037c074c58543ed7ff96342108bb4d39838262b626974df62,relative_delta:formatting_layout_02,0.002620479397575674,0.000985223694514921,12
cross_language,f18c06f33f3f7f4037c074c58543ed7ff96342108bb4d39838262b626974df62,relative_delta:formatting_layout_03,0.001703837559435241,0.0005049268583991859,12
unseen_llm,f18c06f33f3f7f4037c074c58543ed7ff96342108bb4d39838262b626974df62,human_absolute:original_style_00,0.002143075114357075,0.0013727040138172186,240
unseen_llm,f18c06f33f3f7f4037c074c58543ed7ff96342108bb4d39838262b626974df62,human_absolute:original_style_01,0.0021115969299745703,0.0008944760163436471,240
unseen_llm,f18c06f33f3f7f4037c074c58543ed7ff96342108bb4d39838262b626974df62,human_absolute:original_style_02,0.0018828823851964138,0.0020488423936309043,240
unseen_llm,f18c06f33f3f7f4037c074c58543ed7ff96342108bb4d39838262b626974df62,human_absolute:original_style_03,0.001792148054009327,0.0016672166960138453,240
unseen_llm,f18c06f33f3f7f4037c074c58543ed7ff96342108bb4d39838262b626974df62,human_absolute:original_style_04,0.0020500027947491844,0.0009221005371612483,240
unseen_llm,f18c06f33f3f7f4037c074c58543ed7ff96342108bb4d39838262b626974df62,human_absolute:original_style_05,0.0028322317742784445,0.002570317440000413,240
unseen_llm,f18c06f33f3f7f4037c074c58543ed7ff96342108bb4d39838262b626974df62,human_absolute:original_style_06,0.0020882790009534953,0.0006758549568294029,240
unseen_llm,f18c06f33f3f7f4037c074c58543ed7ff96342108bb4d39838262b626974df62,human_absolute:original_style_07,0.002049692703098872,0.000774214692319366,240
unseen_llm,f18c06f33f3f7f4037c074c58543ed7ff96342108bb4d39838262b626974df62,human_absolute:original_style_08,0.002604135836255501,0.0016681288156491097,240
unseen_llm,f18c06f33f3f7f4037c074c58543ed7ff96342108bb4d39838262b626974df62,human_absolute:original_style_09,0.0023402769253161727,0.0013906904842478811,240
unseen_llm,f18c06f33f3f7f4037c074c58543ed7ff96342108bb4d39838262b626974df62,human_absolute:lexical_00,0.0032126731311047396,0.0009563116664409108,240
unseen_llm,f18c06f33f3f7f4037c074c58543ed7ff96342108bb4d39838262b626974df62,human_absolute:lexical_01,0.0029126882024181067,0.0012177639822774117,240
unseen_llm,f18c06f33f3f7f4037c074c58543ed7ff96342108bb4d39838262b626974df62,human_absolute:lexical_02,0.0029300746650850204,0.0013332968119851988,240
unseen_llm,f18c06f33f3f7f4037c074c58543ed7ff96342108bb4d39838262b626974df62,human_absolute:lexical_03,0.002371197352174661,0.0010219266786605768,240
unseen_llm,f18c06f33f3f7f4037c074c58543ed7ff96342108bb4d39838262b626974df62,human_absolute:lexical_04,0.0023554763894858147,0.0007770785378522324,240
unseen_llm,f18c06f33f3f7f4037c074c58543ed7ff96342108bb4d39838262b626974df62,human_absolute:lexical_05,0.0027700894993745173,0.0010396888329660741,240
unseen_llm,f18c06f33f3f7f4037c074c58543ed7ff96342108bb4d39838262b626974df62,human_absolute:structural_syntax_00,0.002160483988542472,0.0010089971061626863,240
unseen_llm,f18c06f33f3f7f4037c074c58543ed7ff96342108bb4d39838262b626974df62,human_absolute:structural_syntax_01,0.0017075337161419903,0.0006947798354133344,240
unseen_llm,f18c06f33f3f7f4037c074c58543ed7ff96342108bb4d39838262b626974df62,human_absolute:structural_syntax_02,0.002472577126419511,0.0014851413120037878,240
unseen_llm,f18c06f33f3f7f4037c074c58543ed7ff96342108bb4d39838262b626974df62,human_absolute:structural_syntax_03,0.00297669545432738,0.0017378759678133887,240
unseen_llm,f18c06f33f3f7f4037c074c58543ed7ff96342108bb4d39838262b626974df62,human_absolute:structural_syntax_04,0.0022524501798245095,0.0011531425436101896,240
unseen_llm,f18c06f33f3f7f4037c074c58543ed7ff96342108bb4d39838262b626974df62,human_absolute:structural_syntax_05,0.002016047951851544,0.0009447223227293522,240
unseen_llm,f18c06f33f3f7f4037c074c58543ed7ff96342108bb4d39838262b626974df62,human_absolute:structural_syntax_06,0.002368840626024657,0.0009018266055323148,240
unseen_llm,f18c06f33f3f7f4037c074c58543ed7ff96342108bb4d39838262b626974df62,human_absolute:structural_syntax_07,0.0007433974401109679,0.0008647949212886995,240
unseen_llm,f18c06f33f3f7f4037c074c58543ed7ff96342108bb4d39838262b626974df62,human_absolute:formatting_layout_00,0.0018344293571016168,0.0007367214787570263,240
unseen_llm,f18c06f33f3f7f4037c074c58543ed7ff96342108bb4d39838262b626974df62,human_absolute:formatting_layout_01,0.0023738684165843624,0.0009396630597740937,240
unseen_llm,f18c06f33f3f7f4037c074c58543ed7ff96342108bb4d39838262b626974df62,human_absolute:formatting_layout_02,0.00209493438531983,0.0007501010190190395,240
unseen_llm,f18c06f33f3f7f4037c074c58543ed7ff96342108bb4d39838262b626974df62,human_absolute:formatting_layout_03,0.0021215514016690814,0.0008057361099613742,240
unseen_llm,f18c06f33f3f7f4037c074c58543ed7ff96342108bb4d39838262b626974df62,candidate_absolute:original_style_00,0.0022566491378678923,0.0011371683064504729,240
unseen_llm,f18c06f33f3f7f4037c074c58543ed7ff96342108bb4d39838262b626974df62,candidate_absolute:original_style_01,0.0019074200867853937,0.0008076701766396193,240
unseen_llm,f18c06f33f3f7f4037c074c58543ed7ff96342108bb4d39838262b626974df62,candidate_absolute:original_style_02,0.0019000714183578867,0.0017496488020757523,240
unseen_llm,f18c06f33f3f7f4037c074c58543ed7ff96342108bb4d39838262b626974df62,candidate_absolute:original_style_03,0.002023039041827875,0.0022092508048929585,240
unseen_llm,f18c06f33f3f7f4037c074c58543ed7ff96342108bb4d39838262b626974df62,candidate_absolute:original_style_04,0.001980767043969035,0.0009532275660076847,240
unseen_llm,f18c06f33f3f7f4037c074c58543ed7ff96342108bb4d39838262b626974df62,candidate_absolute:original_style_05,0.002593028366753918,0.0015828150095644554,240
unseen_llm,f18c06f33f3f7f4037c074c58543ed7ff96342108bb4d39838262b626974df62,candidate_absolute:original_style_06,0.0027260989706048766,0.0010999529327490748,240
unseen_llm,f18c06f33f3f7f4037c074c58543ed7ff96342108bb4d39838262b626974df62,candidate_absolute:original_style_07,0.002786381599535205,0.0011132801296947134,240
unseen_llm,f18c06f33f3f7f4037c074c58543ed7ff96342108bb4d39838262b626974df62,candidate_absolute:original_style_08,0.0029550704344466815,0.0014193021666402128,240
unseen_llm,f18c06f33f3f7f4037c074c58543ed7ff96342108bb4d39838262b626974df62,candidate_absolute:original_style_09,0.0024395806028192865,0.0010119845154827089,240
unseen_llm,f18c06f33f3f7f4037c074c58543ed7ff96342108bb4d39838262b626974df62,candidate_absolute:lexical_00,0.003746113744365966,0.0009494482274290085,240
unseen_llm,f18c06f33f3f7f4037c074c58543ed7ff96342108bb4d39838262b626974df62,candidate_absolute:lexical_01,0.0033671914348835435,0.0013384542024436066,240
unseen_llm,f18c06f33f3f7f4037c074c58543ed7ff96342108bb4d39838262b626974df62,candidate_absolute:lexical_02,0.0034305077871495133,0.0014963405816277773,240
unseen_llm,f18c06f33f3f7f4037c074c58543ed7ff96342108bb4d39838262b626974df62,candidate_absolute:lexical_03,0.002429148979633427,0.001087725027151739,240
unseen_llm,f18c06f33f3f7f4037c074c58543ed7ff96342108bb4d39838262b626974df62,candidate_absolute:lexical_04,0.002510066512752811,0.0007535920195794804,240
unseen_llm,f18c06f33f3f7f4037c074c58543ed7ff96342108bb4d39838262b626974df62,candidate_absolute:lexical_05,0.0031006986731616512,0.0011285198017625259,240
unseen_llm,f18c06f33f3f7f4037c074c58543ed7ff96342108bb4d39838262b626974df62,candidate_absolute:structural_syntax_00,0.003426711921770847,0.0014936426604262242,240
unseen_llm,f18c06f33f3f7f4037c074c58543ed7ff96342108bb4d39838262b626974df62,candidate_absolute:structural_syntax_01,0.0019151358978943109,0.000817925076792593,240
unseen_llm,f18c06f33f3f7f4037c074c58543ed7ff96342108bb4d39838262b626974df62,candidate_absolute:structural_syntax_02,0.002719897217098563,0.001881915528740892,240
unseen_llm,f18c06f33f3f7f4037c074c58543ed7ff96342108bb4d39838262b626974df62,candidate_absolute:structural_syntax_03,0.00991078385082295,0.007224528354700114,240
unseen_llm,f18c06f33f3f7f4037c074c58543ed7ff96342108bb4d39838262b626974df62,candidate_absolute:structural_syntax_04,0.0026130835056271807,0.0014163953522193192,240
unseen_llm,f18c06f33f3f7f4037c074c58543ed7ff96342108bb4d39838262b626974df62,candidate_absolute:structural_syntax_05,0.0025428322323984547,0.001489719484375045,240
unseen_llm,f18c06f33f3f7f4037c074c58543ed7ff96342108bb4d39838262b626974df62,candidate_absolute:structural_syntax_06,0.0025922534003226536,0.0009458049004690015,240
unseen_llm,f18c06f33f3f7f4037c074c58543ed7ff96342108bb4d39838262b626974df62,candidate_absolute:structural_syntax_07,0.0012392155960524588,0.0012929262728160844,240
unseen_llm,f18c06f33f3f7f4037c074c58543ed7ff96342108bb4d39838262b626974df62,candidate_absolute:formatting_layout_00,0.0018333364781541615,0.0007859282328036341,240
unseen_llm,f18c06f33f3f7f4037c074c58543ed7ff96342108bb4d39838262b626974df62,candidate_absolute:formatting_layout_01,0.0020786976720064848,0.0007438029558636411,240
unseen_llm,f18c06f33f3f7f4037c074c58543ed7ff96342108bb4d39838262b626974df62,candidate_absolute:formatting_layout_02,0.0019552834049577075,0.0006295239270022704,240
unseen_llm,f18c06f33f3f7f4037c074c58543ed7ff96342108bb4d39838262b626974df62,candidate_absolute:formatting_layout_03,0.00227541505902934,0.0010233803336992644,240
unseen_llm,f18c06f33f3f7f4037c074c58543ed7ff96342108bb4d39838262b626974df62,delta:original_style_00,0.007088196922397253,0.007243021124684361,240
unseen_llm,f18c06f33f3f7f4037c074c58543ed7ff96342108bb4d39838262b626974df62,delta:original_style_01,0.005914922895104267,0.002834162089309971,240
unseen_llm,f18c06f33f3f7f4037c074c58543ed7ff96342108bb4d39838262b626974df62,delta:original_style_02,0.005728116263288855,0.004756889447125888,240
unseen_llm,f18c06f33f3f7f4037c074c58543ed7ff96342108bb4d39838262b626974df62,delta:original_style_03,0.0036504656344571516,0.0026092600266804235,240
unseen_llm,f18c06f33f3f7f4037c074c58543ed7ff96342108bb4d39838262b626974df62,delta:original_style_04,0.004322668543104812,0.0022481644017956796,240
unseen_llm,f18c06f33f3f7f4037c074c58543ed7ff96342108bb4d39838262b626974df62,delta:original_style_05,0.007914745419090994,0.005856904620029981,240
unseen_llm,f18c06f33f3f7f4037c074c58543ed7ff96342108bb4d39838262b626974df62,delta:original_style_06,0.010941077376740584,0.005828444590278399,240
unseen_llm,f18c06f33f3f7f4037c074c58543ed7ff96342108bb4d39838262b626974df62,delta:original_style_07,0.0031536074817134488,0.0016948204376158265,240
unseen_llm,f18c06f33f3f7f4037c074c58543ed7ff96342108bb4d39838262b626974df62,delta:original_style_08,0.024802854341122338,0.027738827499080645,240
unseen_llm,f18c06f33f3f7f4037c074c58543ed7ff96342108bb4d39838262b626974df62,delta:original_style_09,0.008949013337374263,0.005423274161507459,240
unseen_llm,f18c06f33f3f7f4037c074c58543ed7ff96342108bb4d39838262b626974df62,delta:lexical_00,0.04497820189887623,0.017917525551313675,240
unseen_llm,f18c06f33f3f7f4037c074c58543ed7ff96342108bb4d39838262b626974df62,delta:lexical_01,0.020287841115729968,0.011800135021176083,240
unseen_llm,f18c06f33f3f7f4037c074c58543ed7ff96342108bb4d39838262b626974df62,delta:lexical_02,0.019578902399759,0.015310563830249485,240
unseen_llm,f18c06f33f3f7f4037c074c58543ed7ff96342108bb4d39838262b626974df62,delta:lexical_03,0.014463689199000745,0.006743624583375681,240
unseen_llm,f18c06f33f3f7f4037c074c58543ed7ff96342108bb4d39838262b626974df62,delta:lexical_04,0.01377611572517892,0.007261140357162762,240
unseen_llm,f18c06f33f3f7f4037c074c58543ed7ff96342108bb4d39838262b626974df62,delta:lexical_05,0.016562762938740698,0.0074326611373971155,240
unseen_llm,f18c06f33f3f7f4037c074c58543ed7ff96342108bb4d39838262b626974df62,delta:structural_syntax_00,0.006859458345570269,0.004934662313307959,240
unseen_llm,f18c06f33f3f7f4037c074c58543ed7ff96342108bb4d39838262b626974df62,delta:structural_syntax_01,0.01169622482379723,0.005822645611405978,240
unseen_llm,f18c06f33f3f7f4037c074c58543ed7ff96342108bb4d39838262b626974df62,delta:structural_syntax_02,0.009157268829546249,0.008210694103674837,240
unseen_llm,f18c06f33f3f7f4037c074c58543ed7ff96342108bb4d39838262b626974df62,delta:structural_syntax_03,0.10203210524057361,0.05046923988143632,240
unseen_llm,f18c06f33f3f7f4037c074c58543ed7ff96342108bb4d39838262b626974df62,delta:structural_syntax_04,0.004121583220461613,0.002071358752147633,240
unseen_llm,f18c06f33f3f7f4037c074c58543ed7ff96342108bb4d39838262b626974df62,delta:structural_syntax_05,0.008480888354775121,0.005698849622966412,240
unseen_llm,f18c06f33f3f7f4037c074c58543ed7ff96342108bb4d39838262b626974df62,delta:structural_syntax_06,0.013971900376556405,0.016487060713051355,240
unseen_llm,f18c06f33f3f7f4037c074c58543ed7ff96342108bb4d39838262b626974df62,delta:structural_syntax_07,0.0016039957083489413,0.0016145780599485164,240
unseen_llm,f18c06f33f3f7f4037c074c58543ed7ff96342108bb4d39838262b626974df62,delta:formatting_layout_00,0.003330207470884685,0.0008751709590552093,240
unseen_llm,f18c06f33f3f7f4037c074c58543ed7ff96342108bb4d39838262b626974df62,delta:formatting_layout_01,0.005153611687938978,0.0018524497830091275,240
unseen_llm,f18c06f33f3f7f4037c074c58543ed7ff96342108bb4d39838262b626974df62,delta:formatting_layout_02,0.0036832086744589478,0.0013281892870487416,240
unseen_llm,f18c06f33f3f7f4037c074c58543ed7ff96342108bb4d39838262b626974df62,delta:formatting_layout_03,0.0031863899539846894,0.0012749136603751284,240
unseen_llm,f18c06f33f3f7f4037c074c58543ed7ff96342108bb4d39838262b626974df62,relative_delta:original_style_00,0.0035263530033059778,0.00661955518567157,240
unseen_llm,f18c06f33f3f7f4037c074c58543ed7ff96342108bb4d39838262b626974df62,relative_delta:original_style_01,0.00353883430662907,0.0023610214940975017,240
unseen_llm,f18c06f33f3f7f4037c074c58543ed7ff96342108bb4d39838262b626974df62,relative_delta:original_style_02,0.0058978157574608525,0.0064239599536448574,240
unseen_llm,f18c06f33f3f7f4037c074c58543ed7ff96342108bb4d39838262b626974df62,relative_delta:original_style_03,0.0033292500889589164,0.0031443165593663105,240
unseen_llm,f18c06f33f3f7f4037c074c58543ed7ff96342108bb4d39838262b626974df62,relative_delta:original_style_04,0.003543262665862427,0.0015281734533247212,240
unseen_llm,f18c06f33f3f7f4037c074c58543ed7ff96342108bb4d39838262b626974df62,relative_delta:original_style_05,0.005721239247805417,0.011106579904346891,240
unseen_llm,f18c06f33f3f7f4037c074c58543ed7ff96342108bb4d39838262b626974df62,relative_delta:original_style_06,0.007805346260611373,0.004629084415918968,240
unseen_llm,f18c06f33f3f7f4037c074c58543ed7ff96342108bb4d39838262b626974df62,relative_delta:original_style_07,0.005263022281230497,0.0019985966136436004,240
unseen_llm,f18c06f33f3f7f4037c074c58543ed7ff96342108bb4d39838262b626974df62,relative_delta:original_style_08,0.011988601400007202,0.018904939983576608,240
unseen_llm,f18c06f33f3f7f4037c074c58543ed7ff96342108bb4d39838262b626974df62,relative_delta:original_style_09,0.009011068495343657,0.016733152219798507,240
unseen_llm,f18c06f33f3f7f4037c074c58543ed7ff96342108bb4d39838262b626974df62,relative_delta:lexical_00,0.01950497497476956,0.015102407557062972,240
unseen_llm,f18c06f33f3f7f4037c074c58543ed7ff96342108bb4d39838262b626974df62,relative_delta:lexical_01,0.031713575490470165,0.025967515757521948,240
unseen_llm,f18c06f33f3f7f4037c074c58543ed7ff96342108bb4d39838262b626974df62,relative_delta:lexical_02,0.024015736168437055,0.019861577142889754,240
unseen_llm,f18c06f33f3f7f4037c074c58543ed7ff96342108bb4d39838262b626974df62,relative_delta:lexical_03,0.019639399174807778,0.012022223933566277,240
unseen_llm,f18c06f33f3f7f4037c074c58543ed7ff96342108bb4d39838262b626974df62,relative_delta:lexical_04,0.006494900833350498,0.0042268825618482515,240
unseen_llm,f18c06f33f3f7f4037c074c58543ed7ff96342108bb4d39838262b626974df62,relative_delta:lexical_05,0.018949207196011626,0.009728603115316765,240
unseen_llm,f18c06f33f3f7f4037c074c58543ed7ff96342108bb4d39838262b626974df62,relative_delta:structural_syntax_00,0.006659645576647286,0.005101936649384526,240
unseen_llm,f18c06f33f3f7f4037c074c58543ed7ff96342108bb4d39838262b626974df62,relative_delta:structural_syntax_01,0.021059753129076774,0.011550788497584072,240
unseen_llm,f18c06f33f3f7f4037c074c58543ed7ff96342108bb4d39838262b626974df62,relative_delta:structural_syntax_02,0.04332087954791646,0.03444133715221542,240
unseen_llm,f18c06f33f3f7f4037c074c58543ed7ff96342108bb4d39838262b626974df62,relative_delta:structural_syntax_03,0.09804393633852053,0.058373696708294086,240
unseen_llm,f18c06f33f3f7f4037c074c58543ed7ff96342108bb4d39838262b626974df62,relative_delta:structural_syntax_04,0.004721236143601477,0.0035461500594019535,240
unseen_llm,f18c06f33f3f7f4037c074c58543ed7ff96342108bb4d39838262b626974df62,relative_delta:structural_syntax_05,0.04336656653820063,0.022814470634008262,240
unseen_llm,f18c06f33f3f7f4037c074c58543ed7ff96342108bb4d39838262b626974df62,relative_delta:structural_syntax_06,0.05714357919423726,0.0222818899739832,240
unseen_llm,f18c06f33f3f7f4037c074c58543ed7ff96342108bb4d39838262b626974df62,relative_delta:structural_syntax_07,0.004720432945942985,0.005502942550487864,240
unseen_llm,f18c06f33f3f7f4037c074c58543ed7ff96342108bb4d39838262b626974df62,relative_delta:formatting_layout_00,0.002751721041939616,0.0010760085392618698,240
unseen_llm,f18c06f33f3f7f4037c074c58543ed7ff96342108bb4d39838262b626974df62,relative_delta:formatting_layout_01,0.005396696401672365,0.002608117507047601,240
unseen_llm,f18c06f33f3f7f4037c074c58543ed7ff96342108bb4d39838262b626974df62,relative_delta:formatting_layout_02,0.003932000026519804,0.0018750943267250128,240
unseen_llm,f18c06f33f3f7f4037c074c58543ed7ff96342108bb4d39838262b626974df62,relative_delta:formatting_layout_03,0.0027271307192865543,0.0014535672819883116,240
