environment,frozen_registry_sha256,feature,permutation_mean,permutation_sd,n_folds
clean,f18c06f33f3f7f4037c074c58543ed7ff96342108bb4d39838262b626974df62,human_absolute:original_style_00,2.7753224057906292e-05,0.0008258008405688149,60
clean,f18c06f33f3f7f4037c074c58543ed7ff96342108bb4d39838262b626974df62,human_absolute:original_style_01,0.00012038339555194473,0.000673072283795395,60
clean,f18c06f33f3f7f4037c074c58543ed7ff96342108bb4d39838262b626974df62,human_absolute:original_style_02,5.720833038945772e-05,0.00025669948028348815,60
clean,f18c06f33f3f7f4037c074c58543ed7ff96342108bb4d39838262b626974df62,human_absolute:original_style_03,6.292858820937108e-05,0.0003558643949273773,60
clean,f18c06f33f3f7f4037c074c58543ed7ff96342108bb4d39838262b626974df62,human_absolute:original_style_04,-5.1847799666354666e-05,0.000621859815647042,60
clean,f18c06f33f3f7f4037c074c58543ed7ff96342108bb4d39838262b626974df62,human_absolute:original_style_05,-4.723518582080052e-06,0.0003622929662827956,60
clean,f18c06f33f3f7f4037c074c58543ed7ff96342108bb4d39838262b626974df62,human_absolute:original_style_06,0.00010529269478580054,0.0005511308917166198,60
clean,f18c06f33f3f7f4037c074c58543ed7ff96342108bb4d39838262b626974df62,human_absolute:original_style_07,-1.6831016835751796e-05,0.0009699363436483225,60
clean,f18c06f33f3f7f4037c074c58543ed7ff96342108bb4d39838262b626974df62,human_absolute:original_style_08,9.469036647998437e-06,0.0008463675011926188,60
clean,f18c06f33f3f7f4037c074c58543ed7ff96342108bb4d39838262b626974df62,human_absolute:original_style_09,-6.353600500241437e-05,0.0007824769272817957,60
clean,f18c06f33f3f7f4037c074c58543ed7ff96342108bb4d39838262b626974df62,human_absolute:lexical_00,0.0004217608035377777,0.0012396116301915106,60
clean,f18c06f33f3f7f4037c074c58543ed7ff96342108bb4d39838262b626974df62,human_absolute:lexical_01,-6.17442120676955e-05,0.0008616995966987247,60
clean,f18c06f33f3f7f4037c074c58543ed7ff96342108bb4d39838262b626974df62,human_absolute:lexical_02,5.003289070592184e-05,0.000888907589685878,60
clean,f18c06f33f3f7f4037c074c58543ed7ff96342108bb4d39838262b626974df62,human_absolute:lexical_03,-3.733083548796238e-05,0.0007398412130594907,60
clean,f18c06f33f3f7f4037c074c58543ed7ff96342108bb4d39838262b626974df62,human_absolute:lexical_04,-5.3908811204478325e-05,0.0008935259573677719,60
clean,f18c06f33f3f7f4037c074c58543ed7ff96342108bb4d39838262b626974df62,human_absolute:lexical_05,0.00012177006010224422,0.0009552902535971742,60
clean,f18c06f33f3f7f4037c074c58543ed7ff96342108bb4d39838262b626974df62,human_absolute:structural_syntax_00,-5.070686988119151e-05,0.000809596828733645,60
clean,f18c06f33f3f7f4037c074c58543ed7ff96342108bb4d39838262b626974df62,human_absolute:structural_syntax_01,0.00015023295334147627,0.0007328266622611576,60
clean,f18c06f33f3f7f4037c074c58543ed7ff96342108bb4d39838262b626974df62,human_absolute:structural_syntax_02,5.500050228826973e-05,0.0007114764837015611,60
clean,f18c06f33f3f7f4037c074c58543ed7ff96342108bb4d39838262b626974df62,human_absolute:structural_syntax_03,1.3098093101141887e-05,0.00039843229951255294,60
clean,f18c06f33f3f7f4037c074c58543ed7ff96342108bb4d39838262b626974df62,human_absolute:structural_syntax_04,-0.0001358722249502786,0.000797793176951934,60
clean,f18c06f33f3f7f4037c074c58543ed7ff96342108bb4d39838262b626974df62,human_absolute:structural_syntax_05,5.6964693394556676e-05,0.00036710440183213336,60
clean,f18c06f33f3f7f4037c074c58543ed7ff96342108bb4d39838262b626974df62,human_absolute:structural_syntax_06,4.044465781830227e-05,0.0005984453263228973,60
clean,f18c06f33f3f7f4037c074c58543ed7ff96342108bb4d39838262b626974df62,human_absolute:structural_syntax_07,1.0832365883619206e-05,0.0001340509631149006,60
clean,f18c06f33f3f7f4037c074c58543ed7ff96342108bb4d39838262b626974df62,human_absolute:formatting_layout_00,1.1017627125590549e-05,0.0007940095358534415,60
clean,f18c06f33f3f7f4037c074c58543ed7ff96342108bb4d39838262b626974df62,human_absolute:formatting_layout_01,-7.118081143395183e-05,0.0009327066024574449,60
clean,f18c06f33f3f7f4037c074c58543ed7ff96342108bb4d39838262b626974df62,human_absolute:formatting_layout_02,7.094102961330284e-05,0.000682161478221002,60
clean,f18c06f33f3f7f4037c074c58543ed7ff96342108bb4d39838262b626974df62,human_absolute:formatting_layout_03,6.912959861351171e-05,0.0007284898281486417,60
clean,f18c06f33f3f7f4037c074c58543ed7ff96342108bb4d39838262b626974df62,candidate_absolute:original_style_00,2.7485550571384096e-05,0.00039944126748269935,60
clean,f18c06f33f3f7f4037c074c58543ed7ff96342108bb4d39838262b626974df62,candidate_absolute:original_style_01,2.0447820308675905e-05,0.0006636426896298874,60
clean,f18c06f33f3f7f4037c074c58543ed7ff96342108bb4d39838262b626974df62,candidate_absolute:original_style_02,-6.913178600302753e-05,0.0003559336556669051,60
clean,f18c06f33f3f7f4037c074c58543ed7ff96342108bb4d39838262b626974df62,candidate_absolute:original_style_03,9.923651714959791e-05,0.00033099663924021525,60
clean,f18c06f33f3f7f4037c074c58543ed7ff96342108bb4d39838262b626974df62,candidate_absolute:original_style_04,4.749404991834701e-06,0.0003735942678513383,60
clean,f18c06f33f3f7f4037c074c58543ed7ff96342108bb4d39838262b626974df62,candidate_absolute:original_style_05,7.560020739296735e-05,0.001116442848222655,60
clean,f18c06f33f3f7f4037c074c58543ed7ff96342108bb4d39838262b626974df62,candidate_absolute:original_style_06,-1.2925019239732697e-05,0.0008576962624038504,60
clean,f18c06f33f3f7f4037c074c58543ed7ff96342108bb4d39838262b626974df62,candidate_absolute:original_style_07,0.0002967645450874264,0.0006632679997976579,60
clean,f18c06f33f3f7f4037c074c58543ed7ff96342108bb4d39838262b626974df62,candidate_absolute:original_style_08,0.00011615667163558663,0.0006963465336190384,60
clean,f18c06f33f3f7f4037c074c58543ed7ff96342108bb4d39838262b626974df62,candidate_absolute:original_style_09,2.315354095431451e-05,0.0005847016499400601,60
clean,f18c06f33f3f7f4037c074c58543ed7ff96342108bb4d39838262b626974df62,candidate_absolute:lexical_00,0.0007032086843747935,0.0014027410232033896,60
clean,f18c06f33f3f7f4037c074c58543ed7ff96342108bb4d39838262b626974df62,candidate_absolute:lexical_01,9.691918155287545e-05,0.001055422549171863,60
clean,f18c06f33f3f7f4037c074c58543ed7ff96342108bb4d39838262b626974df62,candidate_absolute:lexical_02,4.903845618013565e-05,0.0010550934948348745,60
clean,f18c06f33f3f7f4037c074c58543ed7ff96342108bb4d39838262b626974df62,candidate_absolute:lexical_03,-7.93926915990284e-05,0.0006018552472795803,60
clean,f18c06f33f3f7f4037c074c58543ed7ff96342108bb4d39838262b626974df62,candidate_absolute:lexical_04,0.0002781442356944164,0.0013471892751694852,60
clean,f18c06f33f3f7f4037c074c58543ed7ff96342108bb4d39838262b626974df62,candidate_absolute:lexical_05,0.0003076409574365039,0.0011877179744697684,60
clean,f18c06f33f3f7f4037c074c58543ed7ff96342108bb4d39838262b626974df62,candidate_absolute:structural_syntax_00,0.0005514492525035682,0.0013815589945559497,60
clean,f18c06f33f3f7f4037c074c58543ed7ff96342108bb4d39838262b626974df62,candidate_absolute:structural_syntax_01,-3.797322038422794e-05,0.0008589965413456194,60
clean,f18c06f33f3f7f4037c074c58543ed7ff96342108bb4d39838262b626974df62,candidate_absolute:structural_syntax_02,4.002798215599161e-05,0.0004604638268838635,60
clean,f18c06f33f3f7f4037c074c58543ed7ff96342108bb4d39838262b626974df62,candidate_absolute:structural_syntax_03,3.805554544292026e-05,0.0006852504864585606,60
clean,f18c06f33f3f7f4037c074c58543ed7ff96342108bb4d39838262b626974df62,candidate_absolute:structural_syntax_04,0.00014951152839342194,0.0011113451995913434,60
clean,f18c06f33f3f7f4037c074c58543ed7ff96342108bb4d39838262b626974df62,candidate_absolute:structural_syntax_05,-2.6517585079275745e-05,0.0004982870079753592,60
clean,f18c06f33f3f7f4037c074c58543ed7ff96342108bb4d39838262b626974df62,candidate_absolute:structural_syntax_06,0.00010210231443310938,0.000574977312925932,60
clean,f18c06f33f3f7f4037c074c58543ed7ff96342108bb4d39838262b626974df62,candidate_absolute:structural_syntax_07,-4.898385640929777e-06,0.00026691837826911584,60
clean,f18c06f33f3f7f4037c074c58543ed7ff96342108bb4d39838262b626974df62,candidate_absolute:formatting_layout_00,2.2956802449723238e-05,0.0008175055457893723,60
clean,f18c06f33f3f7f4037c074c58543ed7ff96342108bb4d39838262b626974df62,candidate_absolute:formatting_layout_01,0.0001490232393483763,0.0007695762392075016,60
clean,f18c06f33f3f7f4037c074c58543ed7ff96342108bb4d39838262b626974df62,candidate_absolute:formatting_layout_02,0.00014077818859990117,0.0006962865132635226,60
clean,f18c06f33f3f7f4037c074c58543ed7ff96342108bb4d39838262b626974df62,candidate_absolute:formatting_layout_03,7.756790568754409e-06,0.0005899424816780702,60
clean,f18c06f33f3f7f4037c074c58543ed7ff96342108bb4d39838262b626974df62,delta:original_style_00,0.00022925404276728697,0.001291360718601544,60
clean,f18c06f33f3f7f4037c074c58543ed7ff96342108bb4d39838262b626974df62,delta:original_style_01,0.0007677032095698644,0.0017222214122013678,60
clean,f18c06f33f3f7f4037c074c58543ed7ff96342108bb4d39838262b626974df62,delta:original_style_02,0.0005076024272870701,0.0012715381938865641,60
clean,f18c06f33f3f7f4037c074c58543ed7ff96342108bb4d39838262b626974df62,delta:original_style_03,0.00038458679455918854,0.0012115686931363971,60
clean,f18c06f33f3f7f4037c074c58543ed7ff96342108bb4d39838262b626974df62,delta:original_style_04,-5.521850384941722e-05,0.0008266672081562775,60
clean,f18c06f33f3f7f4037c074c58543ed7ff96342108bb4d39838262b626974df62,delta:original_style_05,0.00030495926630191665,0.0017447503387930342,60
clean,f18c06f33f3f7f4037c074c58543ed7ff96342108bb4d39838262b626974df62,delta:original_style_06,0.00034960883157409973,0.0015052442091709989,60
clean,f18c06f33f3f7f4037c074c58543ed7ff96342108bb4d39838262b626974df62,delta:original_style_07,0.00031463668102706214,0.0009094166802517543,60
clean,f18c06f33f3f7f4037c074c58543ed7ff96342108bb4d39838262b626974df62,delta:original_style_08,0.003953297919163242,0.0035009429865894967,60
clean,f18c06f33f3f7f4037c074c58543ed7ff96342108bb4d39838262b626974df62,delta:original_style_09,0.0007536262511849061,0.001789778772263381,60
clean,f18c06f33f3f7f4037c074c58543ed7ff96342108bb4d39838262b626974df62,delta:lexical_00,0.0022705799267453883,0.002838004016369946,60
clean,f18c06f33f3f7f4037c074c58543ed7ff96342108bb4d39838262b626974df62,delta:lexical_01,0.0009145601730312536,0.002152117456488133,60
clean,f18c06f33f3f7f4037c074c58543ed7ff96342108bb4d39838262b626974df62,delta:lexical_02,0.0008679064237779329,0.0026072395610169225,60
clean,f18c06f33f3f7f4037c074c58543ed7ff96342108bb4d39838262b626974df62,delta:lexical_03,-3.364887741759322e-05,0.0018611479881391736,60
clean,f18c06f33f3f7f4037c074c58543ed7ff96342108bb4d39838262b626974df62,delta:lexical_04,0.00038070459448144394,0.0023120632451229255,60
clean,f18c06f33f3f7f4037c074c58543ed7ff96342108bb4d39838262b626974df62,delta:lexical_05,0.0010392609623924927,0.0024709311539812383,60
clean,f18c06f33f3f7f4037c074c58543ed7ff96342108bb4d39838262b626974df62,delta:structural_syntax_00,0.00019657552224225383,0.0009529138021934013,60
clean,f18c06f33f3f7f4037c074c58543ed7ff96342108bb4d39838262b626974df62,delta:structural_syntax_01,0.00014752923577020146,0.0019873309186756952,60
clean,f18c06f33f3f7f4037c074c58543ed7ff96342108bb4d39838262b626974df62,delta:structural_syntax_02,0.0003331067923248036,0.0017010864350095233,60
clean,f18c06f33f3f7f4037c074c58543ed7ff96342108bb4d39838262b626974df62,delta:structural_syntax_03,0.0012640188920081895,0.002455696842377288,60
clean,f18c06f33f3f7f4037c074c58543ed7ff96342108bb4d39838262b626974df62,delta:structural_syntax_04,0.00020921833529136865,0.0007972111777235876,60
clean,f18c06f33f3f7f4037c074c58543ed7ff96342108bb4d39838262b626974df62,delta:structural_syntax_05,0.0002540578655522504,0.000853047983040275,60
clean,f18c06f33f3f7f4037c074c58543ed7ff96342108bb4d39838262b626974df62,delta:structural_syntax_06,0.0003468805619934086,0.0016597569327315303,60
clean,f18c06f33f3f7f4037c074c58543ed7ff96342108bb4d39838262b626974df62,delta:structural_syntax_07,3.1373269041849264e-05,0.0003955435894221122,60
clean,f18c06f33f3f7f4037c074c58543ed7ff96342108bb4d39838262b626974df62,delta:formatting_layout_00,0.0003666991583355298,0.0012713437517617096,60
clean,f18c06f33f3f7f4037c074c58543ed7ff96342108bb4d39838262b626974df62,delta:formatting_layout_01,0.0001362617272998375,0.0012188214839171639,60
clean,f18c06f33f3f7f4037c074c58543ed7ff96342108bb4d39838262b626974df62,delta:formatting_layout_02,-2.0934517002061764e-06,0.0009344889018322558,60
clean,f18c06f33f3f7f4037c074c58543ed7ff96342108bb4d39838262b626974df62,delta:formatting_layout_03,6.185967596719077e-05,0.000682421525977472,60
clean,f18c06f33f3f7f4037c074c58543ed7ff96342108bb4d39838262b626974df62,relative_delta:original_style_00,-7.80213844731962e-06,0.0004106812788689348,60
clean,f18c06f33f3f7f4037c074c58543ed7ff96342108bb4d39838262b626974df62,relative_delta:original_style_01,0.00011322330391045725,0.0005594858935614751,60
clean,f18c06f33f3f7f4037c074c58543ed7ff96342108bb4d39838262b626974df62,relative_delta:original_style_02,0.0001463502936753236,0.000619148644276066,60
clean,f18c06f33f3f7f4037c074c58543ed7ff96342108bb4d39838262b626974df62,relative_delta:original_style_03,6.959040320265546e-05,0.0005289116290108878,60
clean,f18c06f33f3f7f4037c074c58543ed7ff96342108bb4d39838262b626974df62,relative_delta:original_style_04,-0.00040353592275877613,0.001061180290165409,60
clean,f18c06f33f3f7f4037c074c58543ed7ff96342108bb4d39838262b626974df62,relative_delta:original_style_05,4.137973560766617e-05,0.0005055877050492552,60
clean,f18c06f33f3f7f4037c074c58543ed7ff96342108bb4d39838262b626974df62,relative_delta:original_style_06,-6.553620410901795e-05,0.0009333082372675528,60
clean,f18c06f33f3f7f4037c074c58543ed7ff96342108bb4d39838262b626974df62,relative_delta:original_style_07,0.0006401380503077407,0.0016989697439492564,60
clean,f18c06f33f3f7f4037c074c58543ed7ff96342108bb4d39838262b626974df62,relative_delta:original_style_08,0.0001133605883933797,0.0006353702485719905,60
clean,f18c06f33f3f7f4037c074c58543ed7ff96342108bb4d39838262b626974df62,relative_delta:original_style_09,1.8316736040607795e-05,0.0005546843122568418,60
clean,f18c06f33f3f7f4037c074c58543ed7ff96342108bb4d39838262b626974df62,relative_delta:lexical_00,-0.00013708054735856086,0.00137962437987489,60
clean,f18c06f33f3f7f4037c074c58543ed7ff96342108bb4d39838262b626974df62,relative_delta:lexical_01,0.0017027171199700782,0.0031328709562231847,60
clean,f18c06f33f3f7f4037c074c58543ed7ff96342108bb4d39838262b626974df62,relative_delta:lexical_02,0.0009586708836589131,0.0022849584368354226,60
clean,f18c06f33f3f7f4037c074c58543ed7ff96342108bb4d39838262b626974df62,relative_delta:lexical_03,0.00010479427055888705,0.0015000049232083146,60
clean,f18c06f33f3f7f4037c074c58543ed7ff96342108bb4d39838262b626974df62,relative_delta:lexical_04,0.00014945869081516293,0.0014145902857305758,60
clean,f18c06f33f3f7f4037c074c58543ed7ff96342108bb4d39838262b626974df62,relative_delta:lexical_05,0.0005176609300838205,0.0017896677018912335,60
clean,f18c06f33f3f7f4037c074c58543ed7ff96342108bb4d39838262b626974df62,relative_delta:structural_syntax_00,0.0005445326784049779,0.0014770583235711155,60
clean,f18c06f33f3f7f4037c074c58543ed7ff96342108bb4d39838262b626974df62,relative_delta:structural_syntax_01,0.00016827391514462515,0.001483772497494002,60
clean,f18c06f33f3f7f4037c074c58543ed7ff96342108bb4d39838262b626974df62,relative_delta:structural_syntax_02,0.0014353855432842528,0.0028922629122663146,60
clean,f18c06f33f3f7f4037c074c58543ed7ff96342108bb4d39838262b626974df62,relative_delta:structural_syntax_03,0.0034758584377368932,0.006336092624368947,60
clean,f18c06f33f3f7f4037c074c58543ed7ff96342108bb4d39838262b626974df62,relative_delta:structural_syntax_04,8.06808597536753e-06,0.0007050426174978423,60
clean,f18c06f33f3f7f4037c074c58543ed7ff96342108bb4d39838262b626974df62,relative_delta:structural_syntax_05,0.0002919472812525803,0.0023996508422479607,60
clean,f18c06f33f3f7f4037c074c58543ed7ff96342108bb4d39838262b626974df62,relative_delta:structural_syntax_06,0.0020741538762945135,0.0028093495665572547,60
clean,f18c06f33f3f7f4037c074c58543ed7ff96342108bb4d39838262b626974df62,relative_delta:structural_syntax_07,0.00046398296166342835,0.0008342061465794401,60
clean,f18c06f33f3f7f4037c074c58543ed7ff96342108bb4d39838262b626974df62,relative_delta:formatting_layout_00,5.5880133492212476e-05,0.0010137114084936654,60
clean,f18c06f33f3f7f4037c074c58543ed7ff96342108bb4d39838262b626974df62,relative_delta:formatting_layout_01,2.7254949622399863e-05,0.0013729680466693429,60
clean,f18c06f33f3f7f4037c074c58543ed7ff96342108bb4d39838262b626974df62,relative_delta:formatting_layout_02,-5.713930602200638e-06,0.0012132893870675095,60
clean,f18c06f33f3f7f4037c074c58543ed7ff96342108bb4d39838262b626974df62,relative_delta:formatting_layout_03,1.3681464859209106e-05,0.0006763015717819524,60
combined_attack,f18c06f33f3f7f4037c074c58543ed7ff96342108bb4d39838262b626974df62,human_absolute:original_style_00,-5.713163394466258e-06,0.0007245409118711766,60
combined_attack,f18c06f33f3f7f4037c074c58543ed7ff96342108bb4d39838262b626974df62,human_absolute:original_style_01,5.148528829441353e-05,0.0007773119497127052,60
combined_attack,f18c06f33f3f7f4037c074c58543ed7ff96342108bb4d39838262b626974df62,human_absolute:original_style_02,3.235577947874694e-05,0.00040399066434464577,60
combined_attack,f18c06f33f3f7f4037c074c58543ed7ff96342108bb4d39838262b626974df62,human_absolute:original_style_03,-4.1056757366135045e-05,0.0004254890563062987,60
combined_attack,f18c06f33f3f7f4037c074c58543ed7ff96342108bb4d39838262b626974df62,human_absolute:original_style_04,-0.00019809310332576194,0.0006842832886890615,60
combined_attack,f18c06f33f3f7f4037c074c58543ed7ff96342108bb4d39838262b626974df62,human_absolute:original_style_05,-0.00012085343368141155,0.0004852905895262494,60
combined_attack,f18c06f33f3f7f4037c074c58543ed7ff96342108bb4d39838262b626974df62,human_absolute:original_style_06,4.5880025599972135e-05,0.0007746314737664752,60
combined_attack,f18c06f33f3f7f4037c074c58543ed7ff96342108bb4d39838262b626974df62,human_absolute:original_style_07,8.057266851868582e-06,0.0008604098301078225,60
combined_attack,f18c06f33f3f7f4037c074c58543ed7ff96342108bb4d39838262b626974df62,human_absolute:original_style_08,0.0001755404901332284,0.0010207064622859774,60
combined_attack,f18c06f33f3f7f4037c074c58543ed7ff96342108bb4d39838262b626974df62,human_absolute:original_style_09,-5.6390943610832674e-05,0.0007673948476645444,60
combined_attack,f18c06f33f3f7f4037c074c58543ed7ff96342108bb4d39838262b626974df62,human_absolute:lexical_00,0.0004620703069690535,0.0014194102196430902,60
combined_attack,f18c06f33f3f7f4037c074c58543ed7ff96342108bb4d39838262b626974df62,human_absolute:lexical_01,-0.0005848240769054047,0.001209932424613165,60
combined_attack,f18c06f33f3f7f4037c074c58543ed7ff96342108bb4d39838262b626974df62,human_absolute:lexical_02,-0.0003320893175201308,0.0015989577102238114,60
combined_attack,f18c06f33f3f7f4037c074c58543ed7ff96342108bb4d39838262b626974df62,human_absolute:lexical_03,-1.3354496631743743e-05,0.001092598445031845,60
combined_attack,f18c06f33f3f7f4037c074c58543ed7ff96342108bb4d39838262b626974df62,human_absolute:lexical_04,-3.800058856015346e-05,0.0012146737725795477,60
combined_attack,f18c06f33f3f7f4037c074c58543ed7ff96342108bb4d39838262b626974df62,human_absolute:lexical_05,0.00020508020872454514,0.0014713581280373894,60
combined_attack,f18c06f33f3f7f4037c074c58543ed7ff96342108bb4d39838262b626974df62,human_absolute:structural_syntax_00,0.00011495817714832213,0.0008294595425366999,60
combined_attack,f18c06f33f3f7f4037c074c58543ed7ff96342108bb4d39838262b626974df62,human_absolute:structural_syntax_01,-0.0001758744540457935,0.0007665396057843648,60
combined_attack,f18c06f33f3f7f4037c074c58543ed7ff96342108bb4d39838262b626974df62,human_absolute:structural_syntax_02,0.00011972052070907494,0.0006381574710138546,60
combined_attack,f18c06f33f3f7f4037c074c58543ed7ff96342108bb4d39838262b626974df62,human_absolute:structural_syntax_03,1.1314941830511034e-05,0.000558015287879698,60
combined_attack,f18c06f33f3f7f4037c074c58543ed7ff96342108bb4d39838262b626974df62,human_absolute:structural_syntax_04,6.110845915504222e-05,0.0011003487959285365,60
combined_attack,f18c06f33f3f7f4037c074c58543ed7ff96342108bb4d39838262b626974df62,human_absolute:structural_syntax_05,2.6700284698523886e-05,0.0002698417629118194,60
combined_attack,f18c06f33f3f7f4037c074c58543ed7ff96342108bb4d39838262b626974df62,human_absolute:structural_syntax_06,-0.00014990040178730808,0.0007828665954857359,60
combined_attack,f18c06f33f3f7f4037c074c58543ed7ff96342108bb4d39838262b626974df62,human_absolute:structural_syntax_07,1.2014034554600853e-05,0.00013794945140383776,60
combined_attack,f18c06f33f3f7f4037c074c58543ed7ff96342108bb4d39838262b626974df62,human_absolute:formatting_layout_00,-4.596028784466892e-05,0.0012639069205645044,60
combined_attack,f18c06f33f3f7f4037c074c58543ed7ff96342108bb4d39838262b626974df62,human_absolute:formatting_layout_01,3.188383258284263e-05,0.0014026650471927187,60
combined_attack,f18c06f33f3f7f4037c074c58543ed7ff96342108bb4d39838262b626974df62,human_absolute:formatting_layout_02,-3.7916833899441044e-05,0.0007281066366869314,60
combined_attack,f18c06f33f3f7f4037c074c58543ed7ff96342108bb4d39838262b626974df62,human_absolute:formatting_layout_03,3.513472729266831e-05,0.0006999503237145277,60
combined_attack,f18c06f33f3f7f4037c074c58543ed7ff96342108bb4d39838262b626974df62,candidate_absolute:original_style_00,7.500444051095993e-05,0.0009944705216822104,60
combined_attack,f18c06f33f3f7f4037c074c58543ed7ff96342108bb4d39838262b626974df62,candidate_absolute:original_style_01,-2.3263040675395676e-05,0.0008265514157414275,60
combined_attack,f18c06f33f3f7f4037c074c58543ed7ff96342108bb4d39838262b626974df62,candidate_absolute:original_style_02,1.3059093480638494e-05,0.0004798840493960083,60
combined_attack,f18c06f33f3f7f4037c074c58543ed7ff96342108bb4d39838262b626974df62,candidate_absolute:original_style_03,1.5350106070718036e-05,0.0003101225779510843,60
combined_attack,f18c06f33f3f7f4037c074c58543ed7ff96342108bb4d39838262b626974df62,candidate_absolute:original_style_04,-0.00015468065505367575,0.0007664166104120297,60
combined_attack,f18c06f33f3f7f4037c074c58543ed7ff96342108bb4d39838262b626974df62,candidate_absolute:original_style_05,6.085045556391e-05,0.0011526507710163368,60
combined_attack,f18c06f33f3f7f4037c074c58543ed7ff96342108bb4d39838262b626974df62,candidate_absolute:original_style_06,-2.8264555966820795e-05,0.0009318483516949048,60
combined_attack,f18c06f33f3f7f4037c074c58543ed7ff96342108bb4d39838262b626974df62,candidate_absolute:original_style_07,0.00019417751016985544,0.00043944227017401045,60
combined_attack,f18c06f33f3f7f4037c074c58543ed7ff96342108bb4d39838262b626974df62,candidate_absolute:original_style_08,7.446026981598093e-05,0.000969545458919317,60
combined_attack,f18c06f33f3f7f4037c074c58543ed7ff96342108bb4d39838262b626974df62,candidate_absolute:original_style_09,4.738323076010816e-05,0.0008774352307447849,60
combined_attack,f18c06f33f3f7f4037c074c58543ed7ff96342108bb4d39838262b626974df62,candidate_absolute:lexical_00,0.00026061452309788515,0.001914931110633656,60
combined_attack,f18c06f33f3f7f4037c074c58543ed7ff96342108bb4d39838262b626974df62,candidate_absolute:lexical_01,-0.000257211125830048,0.0010572855987312363,60
combined_attack,f18c06f33f3f7f4037c074c58543ed7ff96342108bb4d39838262b626974df62,candidate_absolute:lexical_02,-1.2605232923664408e-05,0.001418417381660614,60
combined_attack,f18c06f33f3f7f4037c074c58543ed7ff96342108bb4d39838262b626974df62,candidate_absolute:lexical_03,-0.00010643500574858597,0.0008212113008452091,60
combined_attack,f18c06f33f3f7f4037c074c58543ed7ff96342108bb4d39838262b626974df62,candidate_absolute:lexical_04,9.199964376360355e-05,0.001334802018140546,60
combined_attack,f18c06f33f3f7f4037c074c58543ed7ff96342108bb4d39838262b626974df62,candidate_absolute:lexical_05,7.876399265229576e-05,0.001487317694273472,60
combined_attack,f18c06f33f3f7f4037c074c58543ed7ff96342108bb4d39838262b626974df62,candidate_absolute:structural_syntax_00,-6.999870577887128e-05,0.00093707337642902,60
combined_attack,f18c06f33f3f7f4037c074c58543ed7ff96342108bb4d39838262b626974df62,candidate_absolute:structural_syntax_01,-0.0001292610768673245,0.0007725587896488849,60
combined_attack,f18c06f33f3f7f4037c074c58543ed7ff96342108bb4d39838262b626974df62,candidate_absolute:structural_syntax_02,-7.098931720100898e-06,0.0008173555922053082,60
combined_attack,f18c06f33f3f7f4037c074c58543ed7ff96342108bb4d39838262b626974df62,candidate_absolute:structural_syntax_03,0.00019788677015742385,0.000966015806138959,60
combined_attack,f18c06f33f3f7f4037c074c58543ed7ff96342108bb4d39838262b626974df62,candidate_absolute:structural_syntax_04,4.3961014925027646e-05,0.0007613790558814217,60
combined_attack,f18c06f33f3f7f4037c074c58543ed7ff96342108bb4d39838262b626974df62,candidate_absolute:structural_syntax_05,-5.118311679874754e-06,0.0005442514085840375,60
combined_attack,f18c06f33f3f7f4037c074c58543ed7ff96342108bb4d39838262b626974df62,candidate_absolute:structural_syntax_06,-0.00017776457826354692,0.0011783968555611779,60
combined_attack,f18c06f33f3f7f4037c074c58543ed7ff96342108bb4d39838262b626974df62,candidate_absolute:structural_syntax_07,3.345151672454379e-05,0.00014166677872681693,60
combined_attack,f18c06f33f3f7f4037c074c58543ed7ff96342108bb4d39838262b626974df62,candidate_absolute:formatting_layout_00,-0.000234986029312656,0.0008610250177673579,60
combined_attack,f18c06f33f3f7f4037c074c58543ed7ff96342108bb4d39838262b626974df62,candidate_absolute:formatting_layout_01,0.00018494455289933912,0.001232241520814684,60
combined_attack,f18c06f33f3f7f4037c074c58543ed7ff96342108bb4d39838262b626974df62,candidate_absolute:formatting_layout_02,-0.00015186390832599612,0.0010560188169919157,60
combined_attack,f18c06f33f3f7f4037c074c58543ed7ff96342108bb4d39838262b626974df62,candidate_absolute:formatting_layout_03,0.00015462199731725208,0.0009259854754985078,60
combined_attack,f18c06f33f3f7f4037c074c58543ed7ff96342108bb4d39838262b626974df62,delta:original_style_00,0.0003805491345760692,0.0010878680069441294,60
combined_attack,f18c06f33f3f7f4037c074c58543ed7ff96342108bb4d39838262b626974df62,delta:original_style_01,-0.00023032580911801307,0.0021106024816537517,60
combined_attack,f18c06f33f3f7f4037c074c58543ed7ff96342108bb4d39838262b626974df62,delta:original_style_02,0.00075166188897966,0.001647344063610086,60
combined_attack,f18c06f33f3f7f4037c074c58543ed7ff96342108bb4d39838262b626974df62,delta:original_style_03,0.0007343249358976068,0.001133051916304876,60
combined_attack,f18c06f33f3f7f4037c074c58543ed7ff96342108bb4d39838262b626974df62,delta:original_style_04,-1.8666552747080106e-05,0.0014903313298702905,60
combined_attack,f18c06f33f3f7f4037c074c58543ed7ff96342108bb4d39838262b626974df62,delta:original_style_05,0.0006000049701641049,0.002009333265736213,60
combined_attack,f18c06f33f3f7f4037c074c58543ed7ff96342108bb4d39838262b626974df62,delta:original_style_06,0.0010011391648635534,0.00265814071245147,60
combined_attack,f18c06f33f3f7f4037c074c58543ed7ff96342108bb4d39838262b626974df62,delta:original_style_07,-8.394626084162749e-06,0.0008985678311614403,60
combined_attack,f18c06f33f3f7f4037c074c58543ed7ff96342108bb4d39838262b626974df62,delta:original_style_08,0.007985656639268084,0.006052739219559363,60
combined_attack,f18c06f33f3f7f4037c074c58543ed7ff96342108bb4d39838262b626974df62,delta:original_style_09,3.3619908632694555e-05,0.0017987878000096122,60
combined_attack,f18c06f33f3f7f4037c074c58543ed7ff96342108bb4d39838262b626974df62,delta:lexical_00,0.003877524062794193,0.004627087844714347,60
combined_attack,f18c06f33f3f7f4037c074c58543ed7ff96342108bb4d39838262b626974df62,delta:lexical_01,-0.0012762923012934783,0.0025979641013550523,60
combined_attack,f18c06f33f3f7f4037c074c58543ed7ff96342108bb4d39838262b626974df62,delta:lexical_02,0.0005721888493228023,0.0034769033409599607,60
combined_attack,f18c06f33f3f7f4037c074c58543ed7ff96342108bb4d39838262b626974df62,delta:lexical_03,0.0010293270916132394,0.002514908301314802,60
combined_attack,f18c06f33f3f7f4037c074c58543ed7ff96342108bb4d39838262b626974df62,delta:lexical_04,0.0025801103816051013,0.003259131601471547,60
combined_attack,f18c06f33f3f7f4037c074c58543ed7ff96342108bb4d39838262b626974df62,delta:lexical_05,0.003322174506771897,0.004672064191280849,60
combined_attack,f18c06f33f3f7f4037c074c58543ed7ff96342108bb4d39838262b626974df62,delta:structural_syntax_00,0.0004984053853427262,0.0014892652226718552,60
combined_attack,f18c06f33f3f7f4037c074c58543ed7ff96342108bb4d39838262b626974df62,delta:structural_syntax_01,0.000715584331598131,0.002728951408283582,60
combined_attack,f18c06f33f3f7f4037c074c58543ed7ff96342108bb4d39838262b626974df62,delta:structural_syntax_02,0.0006706640803728421,0.0024141431202023595,60
combined_attack,f18c06f33f3f7f4037c074c58543ed7ff96342108bb4d39838262b626974df62,delta:structural_syntax_03,0.003167502086991708,0.004205490585238273,60
combined_attack,f18c06f33f3f7f4037c074c58543ed7ff96342108bb4d39838262b626974df62,delta:structural_syntax_04,3.207956152342558e-05,0.0012550384903779568,60
combined_attack,f18c06f33f3f7f4037c074c58543ed7ff96342108bb4d39838262b626974df62,delta:structural_syntax_05,0.0001678253030871768,0.0013657979498389037,60
combined_attack,f18c06f33f3f7f4037c074c58543ed7ff96342108bb4d39838262b626974df62,delta:structural_syntax_06,0.000615395324199471,0.00232766462218033,60
combined_attack,f18c06f33f3f7f4037c074c58543ed7ff96342108bb4d39838262b626974df62,delta:structural_syntax_07,6.808165390053874e-05,0.0005675180685079917,60
combined_attack,f18c06f33f3f7f4037c074c58543ed7ff96342108bb4d39838262b626974df62,delta:formatting_layout_00,0.0004446611223589969,0.0023315757416000073,60
combined_attack,f18c06f33f3f7f4037c074c58543ed7ff96342108bb4d39838262b626974df62,delta:formatting_layout_01,-0.00013901306612678263,0.0015602234549024192,60
combined_attack,f18c06f33f3f7f4037c074c58543ed7ff96342108bb4d39838262b626974df62,delta:formatting_layout_02,-0.0002831906401485784,0.0014984960653174186,60
combined_attack,f18c06f33f3f7f4037c074c58543ed7ff96342108bb4d39838262b626974df62,delta:formatting_layout_03,0.00010888837954999657,0.0009023475894386552,60
combined_attack,f18c06f33f3f7f4037c074c58543ed7ff96342108bb4d39838262b626974df62,relative_delta:original_style_00,-7.748151259764543e-05,0.0005784154151867351,60
combined_attack,f18c06f33f3f7f4037c074c58543ed7ff96342108bb4d39838262b626974df62,relative_delta:original_style_01,7.193508247166914e-05,0.0005762569330021818,60
combined_attack,f18c06f33f3f7f4037c074c58543ed7ff96342108bb4d39838262b626974df62,relative_delta:original_style_02,0.00020667612704455645,0.0007809965249013086,60
combined_attack,f18c06f33f3f7f4037c074c58543ed7ff96342108bb4d39838262b626974df62,relative_delta:original_style_03,0.00018633204398592617,0.0004324667853532108,60
combined_attack,f18c06f33f3f7f4037c074c58543ed7ff96342108bb4d39838262b626974df62,relative_delta:original_style_04,-1.3098151390204352e-06,0.0012524069083281872,60
combined_attack,f18c06f33f3f7f4037c074c58543ed7ff96342108bb4d39838262b626974df62,relative_delta:original_style_05,8.105142528686179e-05,0.0009063769455817015,60
combined_attack,f18c06f33f3f7f4037c074c58543ed7ff96342108bb4d39838262b626974df62,relative_delta:original_style_06,0.0002735563373344518,0.0018725786108517366,60
combined_attack,f18c06f33f3f7f4037c074c58543ed7ff96342108bb4d39838262b626974df62,relative_delta:original_style_07,0.0005970042911990343,0.001760600353783689,60
combined_attack,f18c06f33f3f7f4037c074c58543ed7ff96342108bb4d39838262b626974df62,relative_delta:original_style_08,0.0005096479166430412,0.0016669631809896307,60
combined_attack,f18c06f33f3f7f4037c074c58543ed7ff96342108bb4d39838262b626974df62,relative_delta:original_style_09,-0.00011513743315119118,0.0014155725670353498,60
combined_attack,f18c06f33f3f7f4037c074c58543ed7ff96342108bb4d39838262b626974df62,relative_delta:lexical_00,-0.000349538963464574,0.0017255402841401043,60
combined_attack,f18c06f33f3f7f4037c074c58543ed7ff96342108bb4d39838262b626974df62,relative_delta:lexical_01,-0.0014669462419024523,0.003507916819065685,60
combined_attack,f18c06f33f3f7f4037c074c58543ed7ff96342108bb4d39838262b626974df62,relative_delta:lexical_02,0.0002468057349446847,0.0028561377936678315,60
combined_attack,f18c06f33f3f7f4037c074c58543ed7ff96342108bb4d39838262b626974df62,relative_delta:lexical_03,0.0013512029133508185,0.0029067268369011127,60
combined_attack,f18c06f33f3f7f4037c074c58543ed7ff96342108bb4d39838262b626974df62,relative_delta:lexical_04,0.00012364457756759242,0.001420747858068776,60
combined_attack,f18c06f33f3f7f4037c074c58543ed7ff96342108bb4d39838262b626974df62,relative_delta:lexical_05,0.002379337552241147,0.0035925091593347544,60
combined_attack,f18c06f33f3f7f4037c074c58543ed7ff96342108bb4d39838262b626974df62,relative_delta:structural_syntax_00,0.0008753797601834904,0.0025347371040973536,60
combined_attack,f18c06f33f3f7f4037c074c58543ed7ff96342108bb4d39838262b626974df62,relative_delta:structural_syntax_01,0.00011927543838762081,0.0023325843557302044,60
combined_attack,f18c06f33f3f7f4037c074c58543ed7ff96342108bb4d39838262b626974df62,relative_delta:structural_syntax_02,0.005916915173577567,0.005813456225232464,60
combined_attack,f18c06f33f3f7f4037c074c58543ed7ff96342108bb4d39838262b626974df62,relative_delta:structural_syntax_03,0.009052543338931834,0.013254825623841891,60
combined_attack,f18c06f33f3f7f4037c074c58543ed7ff96342108bb4d39838262b626974df62,relative_delta:structural_syntax_04,0.00011381852281106923,0.001088725747970453,60
combined_attack,f18c06f33f3f7f4037c074c58543ed7ff96342108bb4d39838262b626974df62,relative_delta:structural_syntax_05,0.0011867415763325599,0.0033617233471145112,60
combined_attack,f18c06f33f3f7f4037c074c58543ed7ff96342108bb4d39838262b626974df62,relative_delta:structural_syntax_06,0.006142919469049087,0.006338428519940804,60
combined_attack,f18c06f33f3f7f4037c074c58543ed7ff96342108bb4d39838262b626974df62,relative_delta:structural_syntax_07,0.0009127502032236889,0.0012726636460264952,60
combined_attack,f18c06f33f3f7f4037c074c58543ed7ff96342108bb4d39838262b626974df62,relative_delta:formatting_layout_00,-0.00025907919293079634,0.00114897611963326,60
combined_attack,f18c06f33f3f7f4037c074c58543ed7ff96342108bb4d39838262b626974df62,relative_delta:formatting_layout_01,-0.000692942579030903,0.0026770013094122385,60
combined_attack,f18c06f33f3f7f4037c074c58543ed7ff96342108bb4d39838262b626974df62,relative_delta:formatting_layout_02,1.8286288711459136e-05,0.0015202819031245598,60
combined_attack,f18c06f33f3f7f4037c074c58543ed7ff96342108bb4d39838262b626974df62,relative_delta:formatting_layout_03,0.0001971689763910933,0.001073245920520602,60
cross_language,f18c06f33f3f7f4037c074c58543ed7ff96342108bb4d39838262b626974df62,human_absolute:original_style_00,-3.080383173989509e-05,8.000457307934529e-05,12
cross_language,f18c06f33f3f7f4037c074c58543ed7ff96342108bb4d39838262b626974df62,human_absolute:original_style_01,0.00010081008170180021,0.00027664546159583583,12
cross_language,f18c06f33f3f7f4037c074c58543ed7ff96342108bb4d39838262b626974df62,human_absolute:original_style_02,5.1648520261821096e-05,0.000100320143947869,12
cross_language,f18c06f33f3f7f4037c074c58543ed7ff96342108bb4d39838262b626974df62,human_absolute:original_style_03,0.00025627441373088367,0.0004357078280796163,12
cross_language,f18c06f33f3f7f4037c074c58543ed7ff96342108bb4d39838262b626974df62,human_absolute:original_style_04,5.898255579100028e-05,0.00020696383087110334,12
cross_language,f18c06f33f3f7f4037c074c58543ed7ff96342108bb4d39838262b626974df62,human_absolute:original_style_05,-6.415367146646773e-05,0.00024840556430156787,12
cross_language,f18c06f33f3f7f4037c074c58543ed7ff96342108bb4d39838262b626974df62,human_absolute:original_style_06,-0.0001267422570015997,0.000269618689946694,12
cross_language,f18c06f33f3f7f4037c074c58543ed7ff96342108bb4d39838262b626974df62,human_absolute:original_style_07,0.0002756755614243915,0.00042194535316956376,12
cross_language,f18c06f33f3f7f4037c074c58543ed7ff96342108bb4d39838262b626974df62,human_absolute:original_style_08,-5.946418037201343e-05,0.00021780053093119848,12
cross_language,f18c06f33f3f7f4037c074c58543ed7ff96342108bb4d39838262b626974df62,human_absolute:original_style_09,3.199826391874402e-05,0.00030190314720074233,12
cross_language,f18c06f33f3f7f4037c074c58543ed7ff96342108bb4d39838262b626974df62,human_absolute:lexical_00,0.00013805863846663713,0.0011609263940981062,12
cross_language,f18c06f33f3f7f4037c074c58543ed7ff96342108bb4d39838262b626974df62,human_absolute:lexical_01,-0.00013832100678044337,0.0006177304304957221,12
cross_language,f18c06f33f3f7f4037c074c58543ed7ff96342108bb4d39838262b626974df62,human_absolute:lexical_02,0.00014352022847158308,0.0006286329757841595,12
cross_language,f18c06f33f3f7f4037c074c58543ed7ff96342108bb4d39838262b626974df62,human_absolute:lexical_03,1.1845079154165772e-05,0.00028554021427849087,12
cross_language,f18c06f33f3f7f4037c074c58543ed7ff96342108bb4d39838262b626974df62,human_absolute:lexical_04,2.227049146237096e-05,0.00036898371084466777,12
cross_language,f18c06f33f3f7f4037c074c58543ed7ff96342108bb4d39838262b626974df62,human_absolute:lexical_05,-0.00011052371417331434,0.0003470563192725829,12
cross_language,f18c06f33f3f7f4037c074c58543ed7ff96342108bb4d39838262b626974df62,human_absolute:structural_syntax_00,2.3146034413510746e-05,9.19886142732001e-05,12
cross_language,f18c06f33f3f7f4037c074c58543ed7ff96342108bb4d39838262b626974df62,human_absolute:structural_syntax_01,-8.134049263028298e-05,0.00014084796947372728,12
cross_language,f18c06f33f3f7f4037c074c58543ed7ff96342108bb4d39838262b626974df62,human_absolute:structural_syntax_02,2.5923157782742345e-05,0.00023692793648384477,12
cross_language,f18c06f33f3f7f4037c074c58543ed7ff96342108bb4d39838262b626974df62,human_absolute:structural_syntax_03,-1.3786173285521933e-05,8.186761463587648e-05,12
cross_language,f18c06f33f3f7f4037c074c58543ed7ff96342108bb4d39838262b626974df62,human_absolute:structural_syntax_04,-5.525060433756816e-06,0.00025869158593472285,12
cross_language,f18c06f33f3f7f4037c074c58543ed7ff96342108bb4d39838262b626974df62,human_absolute:structural_syntax_05,0.00014323413450231803,0.00017903727421615431,12
cross_language,f18c06f33f3f7f4037c074c58543ed7ff96342108bb4d39838262b626974df62,human_absolute:structural_syntax_06,-8.564398734072405e-05,0.000385860240123966,12
cross_language,f18c06f33f3f7f4037c074c58543ed7ff96342108bb4d39838262b626974df62,human_absolute:structural_syntax_07,-5.6019198367747896e-06,1.9958668954547542e-05,12
cross_language,f18c06f33f3f7f4037c074c58543ed7ff96342108bb4d39838262b626974df62,human_absolute:formatting_layout_00,8.249608482465328e-06,0.0004933726437629983,12
cross_language,f18c06f33f3f7f4037c074c58543ed7ff96342108bb4d39838262b626974df62,human_absolute:formatting_layout_01,0.000140444019359263,0.00018938329426089628,12
cross_language,f18c06f33f3f7f4037c074c58543ed7ff96342108bb4d39838262b626974df62,human_absolute:formatting_layout_02,0.00011670307698247173,0.00020863128033723883,12
cross_language,f18c06f33f3f7f4037c074c58543ed7ff96342108bb4d39838262b626974df62,human_absolute:formatting_layout_03,7.114460514914822e-05,0.00020848882005362066,12
cross_language,f18c06f33f3f7f4037c074c58543ed7ff96342108bb4d39838262b626974df62,candidate_absolute:original_style_00,-3.320985080815242e-05,0.0001783168613970354,12
cross_language,f18c06f33f3f7f4037c074c58543ed7ff96342108bb4d39838262b626974df62,candidate_absolute:original_style_01,0.00011786007627162531,0.0003129495470635503,12
cross_language,f18c06f33f3f7f4037c074c58543ed7ff96342108bb4d39838262b626974df62,candidate_absolute:original_style_02,-3.7527694110676504e-06,0.00011444074622642386,12
cross_language,f18c06f33f3f7f4037c074c58543ed7ff96342108bb4d39838262b626974df62,candidate_absolute:original_style_03,0.00041135145376578847,0.0006145969795259695,12
cross_language,f18c06f33f3f7f4037c074c58543ed7ff96342108bb4d39838262b626974df62,candidate_absolute:original_style_04,-7.187858850449258e-05,0.00019606541143030282,12
cross_language,f18c06f33f3f7f4037c074c58543ed7ff96342108bb4d39838262b626974df62,candidate_absolute:original_style_05,0.00029343310093707387,0.0005452203684241351,12
cross_language,f18c06f33f3f7f4037c074c58543ed7ff96342108bb4d39838262b626974df62,candidate_absolute:original_style_06,-8.308649260537389e-05,0.0005333702912201266,12
cross_language,f18c06f33f3f7f4037c074c58543ed7ff96342108bb4d39838262b626974df62,candidate_absolute:original_style_07,0.00042211218910714887,0.0006819793967539368,12
cross_language,f18c06f33f3f7f4037c074c58543ed7ff96342108bb4d39838262b626974df62,candidate_absolute:original_style_08,0.0004240185073649816,0.0005137690672020589,12
cross_language,f18c06f33f3f7f4037c074c58543ed7ff96342108bb4d39838262b626974df62,candidate_absolute:original_style_09,-3.476983223383671e-05,0.00020244827630168862,12
cross_language,f18c06f33f3f7f4037c074c58543ed7ff96342108bb4d39838262b626974df62,candidate_absolute:lexical_00,0.0007865532125709654,0.0010596821291332852,12
cross_language,f18c06f33f3f7f4037c074c58543ed7ff96342108bb4d39838262b626974df62,candidate_absolute:lexical_01,-0.00011058657865384292,0.000665941419018315,12
cross_language,f18c06f33f3f7f4037c074c58543ed7ff96342108bb4d39838262b626974df62,candidate_absolute:lexical_02,0.0001880535483253972,0.00039546526485925677,12
cross_language,f18c06f33f3f7f4037c074c58543ed7ff96342108bb4d39838262b626974df62,candidate_absolute:lexical_03,-9.313925844587716e-05,0.0004074361455459964,12
cross_language,f18c06f33f3f7f4037c074c58543ed7ff96342108bb4d39838262b626974df62,candidate_absolute:lexical_04,0.00044381852080143297,0.0005695401649750602,12
cross_language,f18c06f33f3f7f4037c074c58543ed7ff96342108bb4d39838262b626974df62,candidate_absolute:lexical_05,-0.00014191532828867573,0.0004686449175049839,12
cross_language,f18c06f33f3f7f4037c074c58543ed7ff96342108bb4d39838262b626974df62,candidate_absolute:structural_syntax_00,0.0003882428487153311,0.0004868416606027135,12
cross_language,f18c06f33f3f7f4037c074c58543ed7ff96342108bb4d39838262b626974df62,candidate_absolute:structural_syntax_01,8.968482087025793e-05,0.00020754710382758323,12
cross_language,f18c06f33f3f7f4037c074c58543ed7ff96342108bb4d39838262b626974df62,candidate_absolute:structural_syntax_02,-4.056530901255795e-05,0.00018420886103445735,12
cross_language,f18c06f33f3f7f4037c074c58543ed7ff96342108bb4d39838262b626974df62,candidate_absolute:structural_syntax_03,0.0001573177138539661,0.0002944529062139048,12
cross_language,f18c06f33f3f7f4037c074c58543ed7ff96342108bb4d39838262b626974df62,candidate_absolute:structural_syntax_04,0.00013257131240258327,0.000410685138931874,12
cross_language,f18c06f33f3f7f4037c074c58543ed7ff96342108bb4d39838262b626974df62,candidate_absolute:structural_syntax_05,5.167724256858556e-06,0.00013150618575285197,12
cross_language,f18c06f33f3f7f4037c074c58543ed7ff96342108bb4d39838262b626974df62,candidate_absolute:structural_syntax_06,-6.0537908303172815e-05,0.00027439517533971386,12
cross_language,f18c06f33f3f7f4037c074c58543ed7ff96342108bb4d39838262b626974df62,candidate_absolute:structural_syntax_07,-7.172801050336908e-06,0.00013357767995151606,12
cross_language,f18c06f33f3f7f4037c074c58543ed7ff96342108bb4d39838262b626974df62,candidate_absolute:formatting_layout_00,8.826381048209393e-05,0.00029469599828589593,12
cross_language,f18c06f33f3f7f4037c074c58543ed7ff96342108bb4d39838262b626974df62,candidate_absolute:formatting_layout_01,-3.759064365554954e-05,0.0002325911076249446,12
cross_language,f18c06f33f3f7f4037c074c58543ed7ff96342108bb4d39838262b626974df62,candidate_absolute:formatting_layout_02,-2.867197357806865e-05,0.0002446436635926849,12
cross_language,f18c06f33f3f7f4037c074c58543ed7ff96342108bb4d39838262b626974df62,candidate_absolute:formatting_layout_03,-3.62465179266358e-05,0.00029600583687648403,12
cross_language,f18c06f33f3f7f4037c074c58543ed7ff96342108bb4d39838262b626974df62,delta:original_style_00,0.0002230753606054884,0.00047526573990891175,12
cross_language,f18c06f33f3f7f4037c074c58543ed7ff96342108bb4d39838262b626974df62,delta:original_style_01,0.0010222710550856957,0.0007572921976838499,12
cross_language,f18c06f33f3f7f4037c074c58543ed7ff96342108bb4d39838262b626974df62,delta:original_style_02,0.00032291897378532625,0.0006641125455355289,12
cross_language,f18c06f33f3f7f4037c074c58543ed7ff96342108bb4d39838262b626974df62,delta:original_style_03,0.000918303340421626,0.0005309186964626396,12
cross_language,f18c06f33f3f7f4037c074c58543ed7ff96342108bb4d39838262b626974df62,delta:original_style_04,3.458426986192401e-05,0.0003251716402684298,12
cross_language,f18c06f33f3f7f4037c074c58543ed7ff96342108bb4d39838262b626974df62,delta:original_style_05,0.00045040000686151954,0.0006996406242558168,12
cross_language,f18c06f33f3f7f4037c074c58543ed7ff96342108bb4d39838262b626974df62,delta:original_style_06,0.0005162957185561775,0.0009143528328627986,12
cross_language,f18c06f33f3f7f4037c074c58543ed7ff96342108bb4d39838262b626974df62,delta:original_style_07,0.00028132312207832894,0.000507061745178301,12
cross_language,f18c06f33f3f7f4037c074c58543ed7ff96342108bb4d39838262b626974df62,delta:original_style_08,0.004471019767170857,0.002122422806448513,12
cross_language,f18c06f33f3f7f4037c074c58543ed7ff96342108bb4d39838262b626974df62,delta:original_style_09,0.0012152669676640433,0.000968593617747514,12
cross_language,f18c06f33f3f7f4037c074c58543ed7ff96342108bb4d39838262b626974df62,delta:lexical_00,0.003060770920512055,0.0016567159144434843,12
cross_language,f18c06f33f3f7f4037c074c58543ed7ff96342108bb4d39838262b626974df62,delta:lexical_01,0.0013140233659549767,0.0009723327015738764,12
cross_language,f18c06f33f3f7f4037c074c58543ed7ff96342108bb4d39838262b626974df62,delta:lexical_02,0.0012377462883336836,0.0013773710427779874,12
cross_language,f18c06f33f3f7f4037c074c58543ed7ff96342108bb4d39838262b626974df62,delta:lexical_03,0.0009043680584745287,0.0013540814678907657,12
cross_language,f18c06f33f3f7f4037c074c58543ed7ff96342108bb4d39838262b626974df62,delta:lexical_04,0.0013109174475806433,0.0012873237284036266,12
cross_language,f18c06f33f3f7f4037c074c58543ed7ff96342108bb4d39838262b626974df62,delta:lexical_05,0.0010694441509278934,0.0007336066917748062,12
cross_language,f18c06f33f3f7f4037c074c58543ed7ff96342108bb4d39838262b626974df62,delta:structural_syntax_00,0.001218427827355456,0.0009683035170510385,12
cross_language,f18c06f33f3f7f4037c074c58543ed7ff96342108bb4d39838262b626974df62,delta:structural_syntax_01,0.00037813910044864896,0.0006356198762378331,12
cross_language,f18c06f33f3f7f4037c074c58543ed7ff96342108bb4d39838262b626974df62,delta:structural_syntax_02,-0.0002072769507404463,0.0005780930682100061,12
cross_language,f18c06f33f3f7f4037c074c58543ed7ff96342108bb4d39838262b626974df62,delta:structural_syntax_03,0.004470987590247055,0.003099842743768961,12
cross_language,f18c06f33f3f7f4037c074c58543ed7ff96342108bb4d39838262b626974df62,delta:structural_syntax_04,3.9857426493585445e-05,0.00048714622119517956,12
cross_language,f18c06f33f3f7f4037c074c58543ed7ff96342108bb4d39838262b626974df62,delta:structural_syntax_05,-0.00012156797245787183,0.00054587056079404,12
cross_language,f18c06f33f3f7f4037c074c58543ed7ff96342108bb4d39838262b626974df62,delta:structural_syntax_06,0.0005315322455265078,0.0009617660197623019,12
cross_language,f18c06f33f3f7f4037c074c58543ed7ff96342108bb4d39838262b626974df62,delta:structural_syntax_07,0.00010275343208474934,0.00022036624361837783,12
cross_language,f18c06f33f3f7f4037c074c58543ed7ff96342108bb4d39838262b626974df62,delta:formatting_layout_00,0.00047004966990401204,0.000860364274527658,12
cross_language,f18c06f33f3f7f4037c074c58543ed7ff96342108bb4d39838262b626974df62,delta:formatting_layout_01,2.493339886882236e-05,0.0007106589013505793,12
cross_language,f18c06f33f3f7f4037c074c58543ed7ff96342108bb4d39838262b626974df62,delta:formatting_layout_02,6.188797554026089e-05,0.0003730289398964854,12
cross_language,f18c06f33f3f7f4037c074c58543ed7ff96342108bb4d39838262b626974df62,delta:formatting_layout_03,8.849835999868993e-05,0.00035612884670863977,12
cross_language,f18c06f33f3f7f4037c074c58543ed7ff96342108bb4d39838262b626974df62,relative_delta:original_style_00,-2.4092495682720427e-05,0.00015351876389450806,12
cross_language,f18c06f33f3f7f4037c074c58543ed7ff96342108bb4d39838262b626974df62,relative_delta:original_style_01,4.772698326517092e-05,0.00023326415651508497,12
cross_language,f18c06f33f3f7f4037c074c58543ed7ff96342108bb4d39838262b626974df62,relative_delta:original_style_02,9.10004805614965e-05,0.00035796788770028876,12
cross_language,f18c06f33f3f7f4037c074c58543ed7ff96342108bb4d39838262b626974df62,relative_delta:original_style_03,0.00035262730085630634,0.00041453627165624916,12
cross_language,f18c06f33f3f7f4037c074c58543ed7ff96342108bb4d39838262b626974df62,relative_delta:original_style_04,-6.411245974993762e-05,0.00032178021783977966,12
cross_language,f18c06f33f3f7f4037c074c58543ed7ff96342108bb4d39838262b626974df62,relative_delta:original_style_05,2.949180188951961e-05,7.56738359520191e-05,12
cross_language,f18c06f33f3f7f4037c074c58543ed7ff96342108bb4d39838262b626974df62,relative_delta:original_style_06,0.00010283908103578265,0.0003999010983789973,12
cross_language,f18c06f33f3f7f4037c074c58543ed7ff96342108bb4d39838262b626974df62,relative_delta:original_style_07,0.000848566185386368,0.0011581774574011027,12
cross_language,f18c06f33f3f7f4037c074c58543ed7ff96342108bb4d39838262b626974df62,relative_delta:original_style_08,0.0001673173021943438,0.0003875456406431128,12
cross_language,f18c06f33f3f7f4037c074c58543ed7ff96342108bb4d39838262b626974df62,relative_delta:original_style_09,-2.4575197942642662e-05,0.0003405698819896912,12
cross_language,f18c06f33f3f7f4037c074c58543ed7ff96342108bb4d39838262b626974df62,relative_delta:lexical_00,0.00015695043082554946,0.0006518130316401723,12
cross_language,f18c06f33f3f7f4037c074c58543ed7ff96342108bb4d39838262b626974df62,relative_delta:lexical_01,0.0011958972170015754,0.0007907329405212629,12
cross_language,f18c06f33f3f7f4037c074c58543ed7ff96342108bb4d39838262b626974df62,relative_delta:lexical_02,0.0014276106691319956,0.001921888148775815,12
cross_language,f18c06f33f3f7f4037c074c58543ed7ff96342108bb4d39838262b626974df62,relative_delta:lexical_03,0.0009577560524629732,0.0006420820933813906,12
cross_language,f18c06f33f3f7f4037c074c58543ed7ff96342108bb4d39838262b626974df62,relative_delta:lexical_04,0.00016315388586530624,0.0005889819545278177,12
cross_language,f18c06f33f3f7f4037c074c58543ed7ff96342108bb4d39838262b626974df62,relative_delta:lexical_05,0.0012953367890807532,0.001127123250183862,12
cross_language,f18c06f33f3f7f4037c074c58543ed7ff96342108bb4d39838262b626974df62,relative_delta:structural_syntax_00,0.0003200712669616616,0.0007499954258487091,12
cross_language,f18c06f33f3f7f4037c074c58543ed7ff96342108bb4d39838262b626974df62,relative_delta:structural_syntax_01,0.0005628785863144211,0.0007037097863072296,12
cross_language,f18c06f33f3f7f4037c074c58543ed7ff96342108bb4d39838262b626974df62,relative_delta:structural_syntax_02,0.0011340229553413645,0.0016297701179203963,12
cross_language,f18c06f33f3f7f4037c074c58543ed7ff96342108bb4d39838262b626974df62,relative_delta:structural_syntax_03,0.001145631435532803,0.00116724972497524,12
cross_language,f18c06f33f3f7f4037c074c58543ed7ff96342108bb4d39838262b626974df62,relative_delta:structural_syntax_04,4.115149204276617e-05,0.00026519458114900556,12
cross_language,f18c06f33f3f7f4037c074c58543ed7ff96342108bb4d39838262b626974df62,relative_delta:structural_syntax_05,0.0009235989122873822,0.0008274889853962068,12
cross_language,f18c06f33f3f7f4037c074c58543ed7ff96342108bb4d39838262b626974df62,relative_delta:structural_syntax_06,0.0027623173506377643,0.001444464075437182,12
cross_language,f18c06f33f3f7f4037c074c58543ed7ff96342108bb4d39838262b626974df62,relative_delta:structural_syntax_07,0.00028886631458050854,0.0007136894492514226,12
cross_language,f18c06f33f3f7f4037c074c58543ed7ff96342108bb4d39838262b626974df62,relative_delta:formatting_layout_00,-2.9612418329355572e-05,0.0003848640993761592,12
cross_language,f18c06f33f3f7f4037c074c58543ed7ff96342108bb4d39838262b626974df62,relative_delta:formatting_layout_01,-0.00014238915523063592,0.0006644231263219484,12
cross_language,f18c06f33f3f7f4037c074c58543ed7ff96342108bb4d39838262b626974df62,relative_delta:formatting_layout_02,6.71674419317388e-05,0.00038011045851444025,12
cross_language,f18c06f33f3f7f4037c074c58543ed7ff96342108bb4d39838262b626974df62,relative_delta:formatting_layout_03,6.195339312559112e-05,0.00013206323040990977,12
unseen_llm,f18c06f33f3f7f4037c074c58543ed7ff96342108bb4d39838262b626974df62,human_absolute:original_style_00,-6.818100900335919e-05,0.0012867246626001685,240
unseen_llm,f18c06f33f3f7f4037c074c58543ed7ff96342108bb4d39838262b626974df62,human_absolute:original_style_01,9.489895822015574e-05,0.001260852834956301,240
unseen_llm,f18c06f33f3f7f4037c074c58543ed7ff96342108bb4d39838262b626974df62,human_absolute:original_style_02,4.1632757732935435e-05,0.0004308670768369601,240
unseen_llm,f18c06f33f3f7f4037c074c58543ed7ff96342108bb4d39838262b626974df62,human_absolute:original_style_03,-6.058416193769021e-05,0.000590227736790511,240
unseen_llm,f18c06f33f3f7f4037c074c58543ed7ff96342108bb4d39838262b626974df62,human_absolute:original_style_04,-2.7799821091821497e-05,0.0011687413451585543,240
unseen_llm,f18c06f33f3f7f4037c074c58543ed7ff96342108bb4d39838262b626974df62,human_absolute:original_style_05,9.683295936545322e-05,0.000698834303548464,240
unseen_llm,f18c06f33f3f7f4037c074c58543ed7ff96342108bb4d39838262b626974df62,human_absolute:original_style_06,4.3451037065160106e-05,0.0012187846678710942,240
unseen_llm,f18c06f33f3f7f4037c074c58543ed7ff96342108bb4d39838262b626974df62,human_absolute:original_style_07,-4.1965771034421785e-06,0.0015461949541033238,240
unseen_llm,f18c06f33f3f7f4037c074c58543ed7ff96342108bb4d39838262b626974df62,human_absolute:original_style_08,0.00013101280234738649,0.0020251034565856186,240
unseen_llm,f18c06f33f3f7f4037c074c58543ed7ff96342108bb4d39838262b626974df62,human_absolute:original_style_09,6.725998459594513e-05,0.0014841750085549154,240
unseen_llm,f18c06f33f3f7f4037c074c58543ed7ff96342108bb4d39838262b626974df62,human_absolute:lexical_00,0.00040249762259594266,0.0024933362014651467,240
unseen_llm,f18c06f33f3f7f4037c074c58543ed7ff96342108bb4d39838262b626974df62,human_absolute:lexical_01,7.265627529207119e-05,0.0017849930643333378,240
unseen_llm,f18c06f33f3f7f4037c074c58543ed7ff96342108bb4d39838262b626974df62,human_absolute:lexical_02,0.00013639960398550144,0.001650227620821055,240
unseen_llm,f18c06f33f3f7f4037c074c58543ed7ff96342108bb4d39838262b626974df62,human_absolute:lexical_03,0.0001313897776506608,0.001179742844992338,240
unseen_llm,f18c06f33f3f7f4037c074c58543ed7ff96342108bb4d39838262b626974df62,human_absolute:lexical_04,0.00019103745651360878,0.0016343833937182857,240
unseen_llm,f18c06f33f3f7f4037c074c58543ed7ff96342108bb4d39838262b626974df62,human_absolute:lexical_05,0.0002990207033624741,0.0016384262049615789,240
unseen_llm,f18c06f33f3f7f4037c074c58543ed7ff96342108bb4d39838262b626974df62,human_absolute:structural_syntax_00,-3.0029011770742648e-05,0.0011543868143841505,240
unseen_llm,f18c06f33f3f7f4037c074c58543ed7ff96342108bb4d39838262b626974df62,human_absolute:structural_syntax_01,0.00013499698859682172,0.0012118121083214343,240
unseen_llm,f18c06f33f3f7f4037c074c58543ed7ff96342108bb4d39838262b626974df62,human_absolute:structural_syntax_02,1.978201697524634e-05,0.0013740622559327096,240
unseen_llm,f18c06f33f3f7f4037c074c58543ed7ff96342108bb4d39838262b626974df62,human_absolute:structural_syntax_03,-1.0747802165709622e-05,0.0006788445456548973,240
unseen_llm,f18c06f33f3f7f4037c074c58543ed7ff96342108bb4d39838262b626974df62,human_absolute:structural_syntax_04,3.7965945510005e-05,0.0016944497348112346,240
unseen_llm,f18c06f33f3f7f4037c074c58543ed7ff96342108bb4d39838262b626974df62,human_absolute:structural_syntax_05,-5.1844074040666156e-05,0.0009050538528380407,240
unseen_llm,f18c06f33f3f7f4037c074c58543ed7ff96342108bb4d39838262b626974df62,human_absolute:structural_syntax_06,8.938395758466833e-05,0.00148592238952836,240
unseen_llm,f18c06f33f3f7f4037c074c58543ed7ff96342108bb4d39838262b626974df62,human_absolute:structural_syntax_07,1.9830576235509156e-05,0.0003437171644007288,240
unseen_llm,f18c06f33f3f7f4037c074c58543ed7ff96342108bb4d39838262b626974df62,human_absolute:formatting_layout_00,-6.584060201340845e-05,0.0024180063916101613,240
unseen_llm,f18c06f33f3f7f4037c074c58543ed7ff96342108bb4d39838262b626974df62,human_absolute:formatting_layout_01,0.00011718260415059986,0.001305332512599077,240
unseen_llm,f18c06f33f3f7f4037c074c58543ed7ff96342108bb4d39838262b626974df62,human_absolute:formatting_layout_02,-6.396914556754119e-06,0.0011771594799787949,240
unseen_llm,f18c06f33f3f7f4037c074c58543ed7ff96342108bb4d39838262b626974df62,human_absolute:formatting_layout_03,-0.0001265289208753619,0.0012968101510180657,240
unseen_llm,f18c06f33f3f7f4037c074c58543ed7ff96342108bb4d39838262b626974df62,candidate_absolute:original_style_00,0.00011167783647520329,0.0010061978912059065,240
unseen_llm,f18c06f33f3f7f4037c074c58543ed7ff96342108bb4d39838262b626974df62,candidate_absolute:original_style_01,2.5489298670117178e-05,0.0009592109835764358,240
unseen_llm,f18c06f33f3f7f4037c074c58543ed7ff96342108bb4d39838262b626974df62,candidate_absolute:original_style_02,-5.830234669291223e-05,0.0007226306294817242,240
unseen_llm,f18c06f33f3f7f4037c074c58543ed7ff96342108bb4d39838262b626974df62,candidate_absolute:original_style_03,6.692753772713222e-05,0.0005626709200811469,240
unseen_llm,f18c06f33f3f7f4037c074c58543ed7ff96342108bb4d39838262b626974df62,candidate_absolute:original_style_04,-3.0110981957139534e-05,0.001507953852667001,240
unseen_llm,f18c06f33f3f7f4037c074c58543ed7ff96342108bb4d39838262b626974df62,candidate_absolute:original_style_05,2.0864775139722847e-05,0.0019752652052875343,240
unseen_llm,f18c06f33f3f7f4037c074c58543ed7ff96342108bb4d39838262b626974df62,candidate_absolute:original_style_06,4.1048632373577586e-05,0.0015346361805913798,240
unseen_llm,f18c06f33f3f7f4037c074c58543ed7ff96342108bb4d39838262b626974df62,candidate_absolute:original_style_07,-2.3837926408773467e-05,0.0018374833847845744,240
unseen_llm,f18c06f33f3f7f4037c074c58543ed7ff96342108bb4d39838262b626974df62,candidate_absolute:original_style_08,0.0001288757898128055,0.0012742869922263765,240
unseen_llm,f18c06f33f3f7f4037c074c58543ed7ff96342108bb4d39838262b626974df62,candidate_absolute:original_style_09,5.3601948090359344e-05,0.0013176023539909906,240
unseen_llm,f18c06f33f3f7f4037c074c58543ed7ff96342108bb4d39838262b626974df62,candidate_absolute:lexical_00,0.0005464989120431316,0.002790280988848241,240
unseen_llm,f18c06f33f3f7f4037c074c58543ed7ff96342108bb4d39838262b626974df62,candidate_absolute:lexical_01,9.935604983811649e-05,0.001905423905209587,240
unseen_llm,f18c06f33f3f7f4037c074c58543ed7ff96342108bb4d39838262b626974df62,candidate_absolute:lexical_02,3.910624579545561e-05,0.0016779700656387965,240
unseen_llm,f18c06f33f3f7f4037c074c58543ed7ff96342108bb4d39838262b626974df62,candidate_absolute:lexical_03,0.00023943861163246472,0.001792775441893876,240
unseen_llm,f18c06f33f3f7f4037c074c58543ed7ff96342108bb4d39838262b626974df62,candidate_absolute:lexical_04,0.00020695417526710446,0.0017456767168906628,240
unseen_llm,f18c06f33f3f7f4037c074c58543ed7ff96342108bb4d39838262b626974df62,candidate_absolute:lexical_05,0.00022435389697172958,0.002373680923809377,240
unseen_llm,f18c06f33f3f7f4037c074c58543ed7ff96342108bb4d39838262b626974df62,candidate_absolute:structural_syntax_00,0.00028284676114076756,0.0019306671332624248,240
unseen_llm,f18c06f33f3f7f4037c074c58543ed7ff96342108bb4d39838262b626974df62,candidate_absolute:structural_syntax_01,2.0091621901921024e-05,0.0011967000882774118,240
unseen_llm,f18c06f33f3f7f4037c074c58543ed7ff96342108bb4d39838262b626974df62,candidate_absolute:structural_syntax_02,-4.431160669616148e-06,0.0013231566444331445,240
unseen_llm,f18c06f33f3f7f4037c074c58543ed7ff96342108bb4d39838262b626974df62,candidate_absolute:structural_syntax_03,7.686573654574803e-05,0.0016733066790031908,240
unseen_llm,f18c06f33f3f7f4037c074c58543ed7ff96342108bb4d39838262b626974df62,candidate_absolute:structural_syntax_04,2.8205744991439963e-05,0.0017253979543951946,240
unseen_llm,f18c06f33f3f7f4037c074c58543ed7ff96342108bb4d39838262b626974df62,candidate_absolute:structural_syntax_05,-5.907853123969566e-05,0.0010540729665064474,240
unseen_llm,f18c06f33f3f7f4037c074c58543ed7ff96342108bb4d39838262b626974df62,candidate_absolute:structural_syntax_06,0.00024763603489157544,0.0012245266952607874,240
unseen_llm,f18c06f33f3f7f4037c074c58543ed7ff96342108bb4d39838262b626974df62,candidate_absolute:structural_syntax_07,-1.5581116704183513e-05,0.0003757381423292912,240
unseen_llm,f18c06f33f3f7f4037c074c58543ed7ff96342108bb4d39838262b626974df62,candidate_absolute:formatting_layout_00,1.073178856954756e-05,0.0013585224010196973,240
unseen_llm,f18c06f33f3f7f4037c074c58543ed7ff96342108bb4d39838262b626974df62,candidate_absolute:formatting_layout_01,-4.469215528834179e-05,0.001761884380636416,240
unseen_llm,f18c06f33f3f7f4037c074c58543ed7ff96342108bb4d39838262b626974df62,candidate_absolute:formatting_layout_02,-0.0001483459715850774,0.0017574038993126788,240
unseen_llm,f18c06f33f3f7f4037c074c58543ed7ff96342108bb4d39838262b626974df62,candidate_absolute:formatting_layout_03,9.953986668331065e-05,0.0013115250355258425,240
unseen_llm,f18c06f33f3f7f4037c074c58543ed7ff96342108bb4d39838262b626974df62,delta:original_style_00,0.00011195995201305764,0.0024270247892968977,240
unseen_llm,f18c06f33f3f7f4037c074c58543ed7ff96342108bb4d39838262b626974df62,delta:original_style_01,0.000730489382203237,0.003857670207897208,240
unseen_llm,f18c06f33f3f7f4037c074c58543ed7ff96342108bb4d39838262b626974df62,delta:original_style_02,0.0006382807970416931,0.0017307389411487858,240
unseen_llm,f18c06f33f3f7f4037c074c58543ed7ff96342108bb4d39838262b626974df62,delta:original_style_03,0.00039092493388436883,0.0014002534923038081,240
unseen_llm,f18c06f33f3f7f4037c074c58543ed7ff96342108bb4d39838262b626974df62,delta:original_style_04,0.0001317420360455642,0.0024294731277910244,240
unseen_llm,f18c06f33f3f7f4037c074c58543ed7ff96342108bb4d39838262b626974df62,delta:original_style_05,0.0004175130181088921,0.002236038686460083,240
unseen_llm,f18c06f33f3f7f4037c074c58543ed7ff96342108bb4d39838262b626974df62,delta:original_style_06,0.0010130117410335185,0.004311121433483021,240
unseen_llm,f18c06f33f3f7f4037c074c58543ed7ff96342108bb4d39838262b626974df62,delta:original_style_07,0.000273221730086326,0.0018768003365749603,240
unseen_llm,f18c06f33f3f7f4037c074c58543ed7ff96342108bb4d39838262b626974df62,delta:original_style_08,0.0034298360860322147,0.0065893365527364125,240
unseen_llm,f18c06f33f3f7f4037c074c58543ed7ff96342108bb4d39838262b626974df62,delta:original_style_09,0.0008166509343449397,0.003439525354997222,240
unseen_llm,f18c06f33f3f7f4037c074c58543ed7ff96342108bb4d39838262b626974df62,delta:lexical_00,0.003511412721147068,0.006740202529462335,240
unseen_llm,f18c06f33f3f7f4037c074c58543ed7ff96342108bb4d39838262b626974df62,delta:lexical_01,0.000446399246233956,0.0054171738623585266,240
unseen_llm,f18c06f33f3f7f4037c074c58543ed7ff96342108bb4d39838262b626974df62,delta:lexical_02,0.0010700617258120192,0.0047388619319111884,240
unseen_llm,f18c06f33f3f7f4037c074c58543ed7ff96342108bb4d39838262b626974df62,delta:lexical_03,0.0006222327191806284,0.003762489153108842,240
unseen_llm,f18c06f33f3f7f4037c074c58543ed7ff96342108bb4d39838262b626974df62,delta:lexical_04,0.0010057824356371166,0.004411033699480454,240
unseen_llm,f18c06f33f3f7f4037c074c58543ed7ff96342108bb4d39838262b626974df62,delta:lexical_05,0.0017095491960397327,0.005461928987724276,240
unseen_llm,f18c06f33f3f7f4037c074c58543ed7ff96342108bb4d39838262b626974df62,delta:structural_syntax_00,0.00036256209083671367,0.001940908319441947,240
unseen_llm,f18c06f33f3f7f4037c074c58543ed7ff96342108bb4d39838262b626974df62,delta:structural_syntax_01,0.001266031738048292,0.004421474874706399,240
unseen_llm,f18c06f33f3f7f4037c074c58543ed7ff96342108bb4d39838262b626974df62,delta:structural_syntax_02,0.0006935134430357958,0.004053406497371032,240
unseen_llm,f18c06f33f3f7f4037c074c58543ed7ff96342108bb4d39838262b626974df62,delta:structural_syntax_03,0.0018787869089986753,0.005002033366705666,240
unseen_llm,f18c06f33f3f7f4037c074c58543ed7ff96342108bb4d39838262b626974df62,delta:structural_syntax_04,0.000114328120100451,0.001746438083408316,240
unseen_llm,f18c06f33f3f7f4037c074c58543ed7ff96342108bb4d39838262b626974df62,delta:structural_syntax_05,0.0002647760100705975,0.0018949110270997183,240
unseen_llm,f18c06f33f3f7f4037c074c58543ed7ff96342108bb4d39838262b626974df62,delta:structural_syntax_06,0.0004520160227165509,0.0037348149145191196,240
unseen_llm,f18c06f33f3f7f4037c074c58543ed7ff96342108bb4d39838262b626974df62,delta:structural_syntax_07,5.326330365247785e-05,0.0008162771263908088,240
unseen_llm,f18c06f33f3f7f4037c074c58543ed7ff96342108bb4d39838262b626974df62,delta:formatting_layout_00,0.00039660620464552256,0.002728436959769893,240
unseen_llm,f18c06f33f3f7f4037c074c58543ed7ff96342108bb4d39838262b626974df62,delta:formatting_layout_01,0.0001936040469931117,0.0023811438319606276,240
unseen_llm,f18c06f33f3f7f4037c074c58543ed7ff96342108bb4d39838262b626974df62,delta:formatting_layout_02,-8.561310391631827e-06,0.0026499382616430372,240
unseen_llm,f18c06f33f3f7f4037c074c58543ed7ff96342108bb4d39838262b626974df62,delta:formatting_layout_03,7.634919522453431e-06,0.0015408849858188417,240
unseen_llm,f18c06f33f3f7f4037c074c58543ed7ff96342108bb4d39838262b626974df62,relative_delta:original_style_00,4.078182573436044e-05,0.000615189226409855,240
unseen_llm,f18c06f33f3f7f4037c074c58543ed7ff96342108bb4d39838262b626974df62,relative_delta:original_style_01,-6.77064282464714e-06,0.0007694080616503976,240
unseen_llm,f18c06f33f3f7f4037c074c58543ed7ff96342108bb4d39838262b626974df62,relative_delta:original_style_02,0.00021904853925186948,0.0010878103004185588,240
unseen_llm,f18c06f33f3f7f4037c074c58543ed7ff96342108bb4d39838262b626974df62,relative_delta:original_style_03,-1.1621246099327113e-05,0.0007964295416882187,240
unseen_llm,f18c06f33f3f7f4037c074c58543ed7ff96342108bb4d39838262b626974df62,relative_delta:original_style_04,-0.00014378712156242618,0.001844927499947673,240
unseen_llm,f18c06f33f3f7f4037c074c58543ed7ff96342108bb4d39838262b626974df62,relative_delta:original_style_05,0.0002126412895925555,0.0016069782683561646,240
unseen_llm,f18c06f33f3f7f4037c074c58543ed7ff96342108bb4d39838262b626974df62,relative_delta:original_style_06,0.00019285131923138613,0.0031927869716343745,240
unseen_llm,f18c06f33f3f7f4037c074c58543ed7ff96342108bb4d39838262b626974df62,relative_delta:original_style_07,0.0005743818218854201,0.003339157579660576,240
unseen_llm,f18c06f33f3f7f4037c074c58543ed7ff96342108bb4d39838262b626974df62,relative_delta:original_style_08,7.470234983393461e-05,0.001296124605010233,240
unseen_llm,f18c06f33f3f7f4037c074c58543ed7ff96342108bb4d39838262b626974df62,relative_delta:original_style_09,-1.4957099470740143e-05,0.001548245556171289,240
unseen_llm,f18c06f33f3f7f4037c074c58543ed7ff96342108bb4d39838262b626974df62,relative_delta:lexical_00,0.0002108866583372911,0.0033464908953083,240
unseen_llm,f18c06f33f3f7f4037c074c58543ed7ff96342108bb4d39838262b626974df62,relative_delta:lexical_01,0.0010009125141200864,0.0055859227594984035,240
unseen_llm,f18c06f33f3f7f4037c074c58543ed7ff96342108bb4d39838262b626974df62,relative_delta:lexical_02,0.0008817486649521991,0.005356084095268546,240
unseen_llm,f18c06f33f3f7f4037c074c58543ed7ff96342108bb4d39838262b626974df62,relative_delta:lexical_03,0.0007656497517082755,0.00385892855599487,240
unseen_llm,f18c06f33f3f7f4037c074c58543ed7ff96342108bb4d39838262b626974df62,relative_delta:lexical_04,1.7993600843601668e-05,0.002235986300992864,240
unseen_llm,f18c06f33f3f7f4037c074c58543ed7ff96342108bb4d39838262b626974df62,relative_delta:lexical_05,0.0016357505134532112,0.004367502318974965,240
unseen_llm,f18c06f33f3f7f4037c074c58543ed7ff96342108bb4d39838262b626974df62,relative_delta:structural_syntax_00,0.0006986307803580991,0.004013755193615793,240
unseen_llm,f18c06f33f3f7f4037c074c58543ed7ff96342108bb4d39838262b626974df62,relative_delta:structural_syntax_01,0.0002638841989833186,0.003399436805127298,240
unseen_llm,f18c06f33f3f7f4037c074c58543ed7ff96342108bb4d39838262b626974df62,relative_delta:structural_syntax_02,0.002568039885170942,0.006096386224519443,240
unseen_llm,f18c06f33f3f7f4037c074c58543ed7ff96342108bb4d39838262b626974df62,relative_delta:structural_syntax_03,0.003878752617183726,0.009628837973854262,240
unseen_llm,f18c06f33f3f7f4037c074c58543ed7ff96342108bb4d39838262b626974df62,relative_delta:structural_syntax_04,8.357574516522313e-05,0.0012671357745891775,240
unseen_llm,f18c06f33f3f7f4037c074c58543ed7ff96342108bb4d39838262b626974df62,relative_delta:structural_syntax_05,0.0005451272592604033,0.004890072884766431,240
unseen_llm,f18c06f33f3f7f4037c074c58543ed7ff96342108bb4d39838262b626974df62,relative_delta:structural_syntax_06,0.0024223800493404007,0.007078519405426586,240
unseen_llm,f18c06f33f3f7f4037c074c58543ed7ff96342108bb4d39838262b626974df62,relative_delta:structural_syntax_07,0.0004917789873530106,0.0016633100874478416,240
unseen_llm,f18c06f33f3f7f4037c074c58543ed7ff96342108bb4d39838262b626974df62,relative_delta:formatting_layout_00,6.116751456863948e-05,0.002200631229009382,240
unseen_llm,f18c06f33f3f7f4037c074c58543ed7ff96342108bb4d39838262b626974df62,relative_delta:formatting_layout_01,0.0005910840750422909,0.0036233043784878144,240
unseen_llm,f18c06f33f3f7f4037c074c58543ed7ff96342108bb4d39838262b626974df62,relative_delta:formatting_layout_02,6.201951256688958e-05,0.0027443331760666936,240
unseen_llm,f18c06f33f3f7f4037c074c58543ed7ff96342108bb4d39838262b626974df62,relative_delta:formatting_layout_03,-0.00014081593529972116,0.0016981013352652334,240
